player,market,line,over_odds,under_odds,sportsbook,game,event_id
Aaron Rodgers,Passing Yards,149.5,-650,,DraftKings,PIT Steelers @ CLE Browns,34118083
Aaron Rodgers,Passing Yards,159.5,-464,,DraftKings,PIT Steelers @ CLE Browns,34118083
Aaron Rodgers,Passing Yards,169.5,-348,,DraftKings,PIT Steelers @ CLE Browns,34118083
Aaron Rodgers,Passing Yards,179.5,-261,,DraftKings,PIT Steelers @ CLE Browns,34118083
Aaron Rodgers,Passing Yards,189.5,-201,,DraftKings,PIT Steelers @ CLE Browns,34118083
Aaron Rodgers,Passing Yards,199.5,-156,,DraftKings,PIT Steelers @ CLE Browns,34118083
Aaron Rodgers,Passing Yards,209.5,-121,,DraftKings,PIT Steelers @ CLE Browns,34118083
Aaron Rodgers,Passing Yards,212.5,-113,,DraftKings,PIT Steelers @ CLE Browns,34118083
Aaron Rodgers,Passing Yards,219.5,105,,DraftKings,PIT Steelers @ CLE Browns,34118083
Aaron Rodgers,Passing Yards,229.5,133,,DraftKings,PIT Steelers @ CLE Browns,34118083
Aaron Rodgers,Passing Yards,239.5,167,,DraftKings,PIT Steelers @ CLE Browns,34118083
Aaron Rodgers,Passing Yards,249.5,209,,DraftKings,PIT Steelers @ CLE Browns,34118083
Aaron Rodgers,Passing Yards,259.5,264,,DraftKings,PIT Steelers @ CLE Browns,34118083
Aaron Rodgers,Passing Yards,269.5,327,,DraftKings,PIT Steelers @ CLE Browns,34118083
Aaron Rodgers,Passing Yards,279.5,409,,DraftKings,PIT Steelers @ CLE Browns,34118083
Aaron Rodgers,Passing Yards,289.5,510,,DraftKings,PIT Steelers @ CLE Browns,34118083
Aaron Rodgers,Passing Yards,299.5,620,,DraftKings,PIT Steelers @ CLE Browns,34118083
Aaron Rodgers,Passing Yards,309.5,770,,DraftKings,PIT Steelers @ CLE Browns,34118083
Aaron Rodgers,Passing Yards,319.5,950,,DraftKings,PIT Steelers @ CLE Browns,34118083
Aaron Rodgers,Passing Yards,329.5,1200,,DraftKings,PIT Steelers @ CLE Browns,34118083
Aaron Rodgers,Passing Yards,339.5,1520,,DraftKings,PIT Steelers @ CLE Browns,34118083
Aaron Rodgers,Passing Yards,349.5,1920,,DraftKings,PIT Steelers @ CLE Browns,34118083
Aaron Rodgers,Passing Yards,359.5,2300,,DraftKings,PIT Steelers @ CLE Browns,34118083
Aaron Rodgers,Passing Yards,369.5,2800,,DraftKings,PIT Steelers @ CLE Browns,34118083
Aaron Rodgers,Passing Yards,379.5,3300,,DraftKings,PIT Steelers @ CLE Browns,34118083
Aaron Rodgers,Passing Yards,389.5,3900,,DraftKings,PIT Steelers @ CLE Browns,34118083
Deshaun Watson,Passing Yards,149.5,-316,,DraftKings,PIT Steelers @ CLE Browns,34118083
Deshaun Watson,Passing Yards,159.5,-238,,DraftKings,PIT Steelers @ CLE Browns,34118083
Deshaun Watson,Passing Yards,169.5,-180,,DraftKings,PIT Steelers @ CLE Browns,34118083
Deshaun Watson,Passing Yards,179.5,-138,,DraftKings,PIT Steelers @ CLE Browns,34118083
Deshaun Watson,Passing Yards,187.5,-112,,DraftKings,PIT Steelers @ CLE Browns,34118083
Deshaun Watson,Passing Yards,189.5,-106,,DraftKings,PIT Steelers @ CLE Browns,34118083
Deshaun Watson,Passing Yards,199.5,122,,DraftKings,PIT Steelers @ CLE Browns,34118083
Deshaun Watson,Passing Yards,209.5,155,,DraftKings,PIT Steelers @ CLE Browns,34118083
Deshaun Watson,Passing Yards,219.5,196,,DraftKings,PIT Steelers @ CLE Browns,34118083
Deshaun Watson,Passing Yards,229.5,250,,DraftKings,PIT Steelers @ CLE Browns,34118083
Deshaun Watson,Passing Yards,239.5,316,,DraftKings,PIT Steelers @ CLE Browns,34118083
Deshaun Watson,Passing Yards,249.5,405,,DraftKings,PIT Steelers @ CLE Browns,34118083
Deshaun Watson,Passing Yards,259.5,514,,DraftKings,PIT Steelers @ CLE Browns,34118083
Deshaun Watson,Passing Yards,269.5,640,,DraftKings,PIT Steelers @ CLE Browns,34118083
Deshaun Watson,Passing Yards,279.5,810,,DraftKings,PIT Steelers @ CLE Browns,34118083
Deshaun Watson,Passing Yards,289.5,1040,,DraftKings,PIT Steelers @ CLE Browns,34118083
Deshaun Watson,Passing Yards,299.5,1300,,DraftKings,PIT Steelers @ CLE Browns,34118083
Deshaun Watson,Passing Yards,309.5,1660,,DraftKings,PIT Steelers @ CLE Browns,34118083
Deshaun Watson,Passing Yards,319.5,2100,,DraftKings,PIT Steelers @ CLE Browns,34118083
Deshaun Watson,Passing Yards,329.5,2600,,DraftKings,PIT Steelers @ CLE Browns,34118083
Deshaun Watson,Passing Yards,339.5,3000,,DraftKings,PIT Steelers @ CLE Browns,34118083
Deshaun Watson,Passing Yards,349.5,3600,,DraftKings,PIT Steelers @ CLE Browns,34118083
Daniel Jones,Passing Yards,149.5,-1460,,DraftKings,IND Colts @ WAS Commanders,34118061
Daniel Jones,Passing Yards,159.5,-950,,DraftKings,IND Colts @ WAS Commanders,34118061
Daniel Jones,Passing Yards,169.5,-640,,DraftKings,IND Colts @ WAS Commanders,34118061
Daniel Jones,Passing Yards,179.5,-451,,DraftKings,IND Colts @ WAS Commanders,34118061
Daniel Jones,Passing Yards,189.5,-316,,DraftKings,IND Colts @ WAS Commanders,34118061
Daniel Jones,Passing Yards,199.5,-231,,DraftKings,IND Colts @ WAS Commanders,34118061
Daniel Jones,Passing Yards,209.5,-171,,DraftKings,IND Colts @ WAS Commanders,34118061
Daniel Jones,Passing Yards,219.5,-127,,DraftKings,IND Colts @ WAS Commanders,34118061
Daniel Jones,Passing Yards,224.5,-112,,DraftKings,IND Colts @ WAS Commanders,34118061
Daniel Jones,Passing Yards,229.5,103,,DraftKings,IND Colts @ WAS Commanders,34118061
Daniel Jones,Passing Yards,239.5,133,,DraftKings,IND Colts @ WAS Commanders,34118061
Daniel Jones,Passing Yards,249.5,173,,DraftKings,IND Colts @ WAS Commanders,34118061
Daniel Jones,Passing Yards,259.5,227,,DraftKings,IND Colts @ WAS Commanders,34118061
Daniel Jones,Passing Yards,269.5,298,,DraftKings,IND Colts @ WAS Commanders,34118061
Daniel Jones,Passing Yards,279.5,388,,DraftKings,IND Colts @ WAS Commanders,34118061
Daniel Jones,Passing Yards,289.5,506,,DraftKings,IND Colts @ WAS Commanders,34118061
Daniel Jones,Passing Yards,299.5,660,,DraftKings,IND Colts @ WAS Commanders,34118061
Daniel Jones,Passing Yards,309.5,870,,DraftKings,IND Colts @ WAS Commanders,34118061
Daniel Jones,Passing Yards,319.5,1140,,DraftKings,IND Colts @ WAS Commanders,34118061
Daniel Jones,Passing Yards,329.5,1480,,DraftKings,IND Colts @ WAS Commanders,34118061
Daniel Jones,Passing Yards,339.5,1940,,DraftKings,IND Colts @ WAS Commanders,34118061
Daniel Jones,Passing Yards,349.5,2400,,DraftKings,IND Colts @ WAS Commanders,34118061
Daniel Jones,Passing Yards,359.5,2900,,DraftKings,IND Colts @ WAS Commanders,34118061
Daniel Jones,Passing Yards,369.5,3700,,DraftKings,IND Colts @ WAS Commanders,34118061
Marcus Mariota,Passing Yards,149.5,-770,,DraftKings,IND Colts @ WAS Commanders,34118061
Marcus Mariota,Passing Yards,159.5,-537,,DraftKings,IND Colts @ WAS Commanders,34118061
Marcus Mariota,Passing Yards,169.5,-381,,DraftKings,IND Colts @ WAS Commanders,34118061
Marcus Mariota,Passing Yards,179.5,-279,,DraftKings,IND Colts @ WAS Commanders,34118061
Marcus Mariota,Passing Yards,189.5,-210,,DraftKings,IND Colts @ WAS Commanders,34118061
Marcus Mariota,Passing Yards,199.5,-157,,DraftKings,IND Colts @ WAS Commanders,34118061
Marcus Mariota,Passing Yards,209.5,-120,,DraftKings,IND Colts @ WAS Commanders,34118061
Marcus Mariota,Passing Yards,212.5,-112,,DraftKings,IND Colts @ WAS Commanders,34118061
Marcus Mariota,Passing Yards,219.5,107,,DraftKings,IND Colts @ WAS Commanders,34118061
Marcus Mariota,Passing Yards,229.5,140,,DraftKings,IND Colts @ WAS Commanders,34118061
Marcus Mariota,Passing Yards,239.5,184,,DraftKings,IND Colts @ WAS Commanders,34118061
Marcus Mariota,Passing Yards,249.5,238,,DraftKings,IND Colts @ WAS Commanders,34118061
Marcus Mariota,Passing Yards,259.5,310,,DraftKings,IND Colts @ WAS Commanders,34118061
Marcus Mariota,Passing Yards,269.5,403,,DraftKings,IND Colts @ WAS Commanders,34118061
Marcus Mariota,Passing Yards,279.5,521,,DraftKings,IND Colts @ WAS Commanders,34118061
Marcus Mariota,Passing Yards,289.5,670,,DraftKings,IND Colts @ WAS Commanders,34118061
Marcus Mariota,Passing Yards,299.5,870,,DraftKings,IND Colts @ WAS Commanders,34118061
Marcus Mariota,Passing Yards,309.5,1140,,DraftKings,IND Colts @ WAS Commanders,34118061
Marcus Mariota,Passing Yards,319.5,1460,,DraftKings,IND Colts @ WAS Commanders,34118061
Marcus Mariota,Passing Yards,329.5,1880,,DraftKings,IND Colts @ WAS Commanders,34118061
Marcus Mariota,Passing Yards,339.5,2400,,DraftKings,IND Colts @ WAS Commanders,34118061
Marcus Mariota,Passing Yards,349.5,3000,,DraftKings,IND Colts @ WAS Commanders,34118061
Marcus Mariota,Passing Yards,359.5,3700,,DraftKings,IND Colts @ WAS Commanders,34118061
Josh Allen,Passing Yards,159.5,-1440,,DraftKings,NE Patriots @ BUF Bills,34118207
Josh Allen,Passing Yards,169.5,-970,,DraftKings,NE Patriots @ BUF Bills,34118207
Josh Allen,Passing Yards,179.5,-660,,DraftKings,NE Patriots @ BUF Bills,34118207
Josh Allen,Passing Yards,189.5,-464,,DraftKings,NE Patriots @ BUF Bills,34118207
Josh Allen,Passing Yards,199.5,-338,,DraftKings,NE Patriots @ BUF Bills,34118207
Josh Allen,Passing Yards,209.5,-252,,DraftKings,NE Patriots @ BUF Bills,34118207
Josh Allen,Passing Yards,219.5,-192,,DraftKings,NE Patriots @ BUF Bills,34118207
Josh Allen,Passing Yards,229.5,-147,,DraftKings,NE Patriots @ BUF Bills,34118207
Josh Allen,Passing Yards,239.5,-113,,DraftKings,NE Patriots @ BUF Bills,34118207
Josh Allen,Passing Yards,249.5,114,,DraftKings,NE Patriots @ BUF Bills,34118207
Josh Allen,Passing Yards,259.5,145,,DraftKings,NE Patriots @ BUF Bills,34118207
Josh Allen,Passing Yards,269.5,186,,DraftKings,NE Patriots @ BUF Bills,34118207
Josh Allen,Passing Yards,279.5,235,,DraftKings,NE Patriots @ BUF Bills,34118207
Josh Allen,Passing Yards,289.5,296,,DraftKings,NE Patriots @ BUF Bills,34118207
Josh Allen,Passing Yards,299.5,376,,DraftKings,NE Patriots @ BUF Bills,34118207
Josh Allen,Passing Yards,309.5,485,,DraftKings,NE Patriots @ BUF Bills,34118207
Josh Allen,Passing Yards,319.5,600,,DraftKings,NE Patriots @ BUF Bills,34118207
Josh Allen,Passing Yards,329.5,750,,DraftKings,NE Patriots @ BUF Bills,34118207
Josh Allen,Passing Yards,339.5,950,,DraftKings,NE Patriots @ BUF Bills,34118207
Josh Allen,Passing Yards,349.5,1180,,DraftKings,NE Patriots @ BUF Bills,34118207
Josh Allen,Passing Yards,359.5,1520,,DraftKings,NE Patriots @ BUF Bills,34118207
Josh Allen,Passing Yards,369.5,1900,,DraftKings,NE Patriots @ BUF Bills,34118207
Josh Allen,Passing Yards,379.5,2400,,DraftKings,NE Patriots @ BUF Bills,34118207
Josh Allen,Passing Yards,389.5,2800,,DraftKings,NE Patriots @ BUF Bills,34118207
Drake Maye,Passing Yards,149.5,-1200,,DraftKings,NE Patriots @ BUF Bills,34118207
Drake Maye,Passing Yards,159.5,-820,,DraftKings,NE Patriots @ BUF Bills,34118207
Drake Maye,Passing Yards,169.5,-578,,DraftKings,NE Patriots @ BUF Bills,34118207
Drake Maye,Passing Yards,179.5,-422,,DraftKings,NE Patriots @ BUF Bills,34118207
Drake Maye,Passing Yards,189.5,-315,,DraftKings,NE Patriots @ BUF Bills,34118207
Drake Maye,Passing Yards,199.5,-237,,DraftKings,NE Patriots @ BUF Bills,34118207
Drake Maye,Passing Yards,209.5,-183,,DraftKings,NE Patriots @ BUF Bills,34118207
Drake Maye,Passing Yards,219.5,-142,,DraftKings,NE Patriots @ BUF Bills,34118207
Drake Maye,Passing Yards,228.5,-113,,DraftKings,NE Patriots @ BUF Bills,34118207
Drake Maye,Passing Yards,229.5,-111,,DraftKings,NE Patriots @ BUF Bills,34118207
Drake Maye,Passing Yards,239.5,116,,DraftKings,NE Patriots @ BUF Bills,34118207
Drake Maye,Passing Yards,249.5,146,,DraftKings,NE Patriots @ BUF Bills,34118207
Drake Maye,Passing Yards,259.5,187,,DraftKings,NE Patriots @ BUF Bills,34118207
Drake Maye,Passing Yards,269.5,239,,DraftKings,NE Patriots @ BUF Bills,34118207
Drake Maye,Passing Yards,279.5,302,,DraftKings,NE Patriots @ BUF Bills,34118207
Drake Maye,Passing Yards,289.5,380,,DraftKings,NE Patriots @ BUF Bills,34118207
Drake Maye,Passing Yards,299.5,487,,DraftKings,NE Patriots @ BUF Bills,34118207
Drake Maye,Passing Yards,309.5,620,,DraftKings,NE Patriots @ BUF Bills,34118207
Drake Maye,Passing Yards,319.5,790,,DraftKings,NE Patriots @ BUF Bills,34118207
Drake Maye,Passing Yards,329.5,1000,,DraftKings,NE Patriots @ BUF Bills,34118207
Drake Maye,Passing Yards,339.5,1220,,DraftKings,NE Patriots @ BUF Bills,34118207
Drake Maye,Passing Yards,349.5,1600,,DraftKings,NE Patriots @ BUF Bills,34118207
Drake Maye,Passing Yards,359.5,2000,,DraftKings,NE Patriots @ BUF Bills,34118207
Drake Maye,Passing Yards,369.5,2400,,DraftKings,NE Patriots @ BUF Bills,34118207
Drake Maye,Passing Yards,379.5,3000,,DraftKings,NE Patriots @ BUF Bills,34118207
Drake Maye,Passing Yards,389.5,3600,,DraftKings,NE Patriots @ BUF Bills,34118207
Joe Burrow,Passing Yards,179.5,-1500,,DraftKings,JAX Jaguars @ CIN Bengals,34118124
Joe Burrow,Passing Yards,189.5,-1000,,DraftKings,JAX Jaguars @ CIN Bengals,34118124
Joe Burrow,Passing Yards,199.5,-720,,DraftKings,JAX Jaguars @ CIN Bengals,34118124
Joe Burrow,Passing Yards,209.5,-508,,DraftKings,JAX Jaguars @ CIN Bengals,34118124
Joe Burrow,Passing Yards,219.5,-373,,DraftKings,JAX Jaguars @ CIN Bengals,34118124
Joe Burrow,Passing Yards,229.5,-279,,DraftKings,JAX Jaguars @ CIN Bengals,34118124
Joe Burrow,Passing Yards,239.5,-217,,DraftKings,JAX Jaguars @ CIN Bengals,34118124
Joe Burrow,Passing Yards,249.5,-167,,DraftKings,JAX Jaguars @ CIN Bengals,34118124
Joe Burrow,Passing Yards,259.5,-130,,DraftKings,JAX Jaguars @ CIN Bengals,34118124
Joe Burrow,Passing Yards,265.5,-113,,DraftKings,JAX Jaguars @ CIN Bengals,34118124
Joe Burrow,Passing Yards,269.5,-102,,DraftKings,JAX Jaguars @ CIN Bengals,34118124
Joe Burrow,Passing Yards,279.5,124,,DraftKings,JAX Jaguars @ CIN Bengals,34118124
Joe Burrow,Passing Yards,289.5,158,,DraftKings,JAX Jaguars @ CIN Bengals,34118124
Joe Burrow,Passing Yards,299.5,200,,DraftKings,JAX Jaguars @ CIN Bengals,34118124
Joe Burrow,Passing Yards,309.5,256,,DraftKings,JAX Jaguars @ CIN Bengals,34118124
Joe Burrow,Passing Yards,319.5,322,,DraftKings,JAX Jaguars @ CIN Bengals,34118124
Joe Burrow,Passing Yards,329.5,413,,DraftKings,JAX Jaguars @ CIN Bengals,34118124
Joe Burrow,Passing Yards,339.5,526,,DraftKings,JAX Jaguars @ CIN Bengals,34118124
Joe Burrow,Passing Yards,349.5,670,,DraftKings,JAX Jaguars @ CIN Bengals,34118124
Joe Burrow,Passing Yards,359.5,850,,DraftKings,JAX Jaguars @ CIN Bengals,34118124
Joe Burrow,Passing Yards,369.5,1060,,DraftKings,JAX Jaguars @ CIN Bengals,34118124
Joe Burrow,Passing Yards,379.5,1300,,DraftKings,JAX Jaguars @ CIN Bengals,34118124
Joe Burrow,Passing Yards,389.5,1620,,DraftKings,JAX Jaguars @ CIN Bengals,34118124
Joe Burrow,Passing Yards,399.5,2000,,DraftKings,JAX Jaguars @ CIN Bengals,34118124
Joe Burrow,Passing Yards,409.5,2400,,DraftKings,JAX Jaguars @ CIN Bengals,34118124
Joe Burrow,Passing Yards,419.5,2900,,DraftKings,JAX Jaguars @ CIN Bengals,34118124
Joe Burrow,Passing Yards,429.5,3500,,DraftKings,JAX Jaguars @ CIN Bengals,34118124
Trevor Lawrence,Passing Yards,179.5,-1280,,DraftKings,JAX Jaguars @ CIN Bengals,34118124
Trevor Lawrence,Passing Yards,189.5,-890,,DraftKings,JAX Jaguars @ CIN Bengals,34118124
Trevor Lawrence,Passing Yards,199.5,-620,,DraftKings,JAX Jaguars @ CIN Bengals,34118124
Trevor Lawrence,Passing Yards,209.5,-452,,DraftKings,JAX Jaguars @ CIN Bengals,34118124
Trevor Lawrence,Passing Yards,219.5,-337,,DraftKings,JAX Jaguars @ CIN Bengals,34118124
Trevor Lawrence,Passing Yards,229.5,-259,,DraftKings,JAX Jaguars @ CIN Bengals,34118124
Trevor Lawrence,Passing Yards,239.5,-200,,DraftKings,JAX Jaguars @ CIN Bengals,34118124
Trevor Lawrence,Passing Yards,249.5,-156,,DraftKings,JAX Jaguars @ CIN Bengals,34118124
Trevor Lawrence,Passing Yards,259.5,-122,,DraftKings,JAX Jaguars @ CIN Bengals,34118124
Trevor Lawrence,Passing Yards,263.5,-111,,DraftKings,JAX Jaguars @ CIN Bengals,34118124
Trevor Lawrence,Passing Yards,269.5,103,,DraftKings,JAX Jaguars @ CIN Bengals,34118124
Trevor Lawrence,Passing Yards,279.5,131,,DraftKings,JAX Jaguars @ CIN Bengals,34118124
Trevor Lawrence,Passing Yards,289.5,162,,DraftKings,JAX Jaguars @ CIN Bengals,34118124
Trevor Lawrence,Passing Yards,299.5,205,,DraftKings,JAX Jaguars @ CIN Bengals,34118124
Trevor Lawrence,Passing Yards,309.5,256,,DraftKings,JAX Jaguars @ CIN Bengals,34118124
Trevor Lawrence,Passing Yards,319.5,321,,DraftKings,JAX Jaguars @ CIN Bengals,34118124
Trevor Lawrence,Passing Yards,329.5,409,,DraftKings,JAX Jaguars @ CIN Bengals,34118124
Trevor Lawrence,Passing Yards,339.5,514,,DraftKings,JAX Jaguars @ CIN Bengals,34118124
Trevor Lawrence,Passing Yards,349.5,650,,DraftKings,JAX Jaguars @ CIN Bengals,34118124
Trevor Lawrence,Passing Yards,359.5,810,,DraftKings,JAX Jaguars @ CIN Bengals,34118124
Trevor Lawrence,Passing Yards,369.5,1020,,DraftKings,JAX Jaguars @ CIN Bengals,34118124
Trevor Lawrence,Passing Yards,379.5,1260,,DraftKings,JAX Jaguars @ CIN Bengals,34118124
Trevor Lawrence,Passing Yards,389.5,1600,,DraftKings,JAX Jaguars @ CIN Bengals,34118124
Trevor Lawrence,Passing Yards,399.5,1960,,DraftKings,JAX Jaguars @ CIN Bengals,34118124
Trevor Lawrence,Passing Yards,409.5,2500,,DraftKings,JAX Jaguars @ CIN Bengals,34118124
Trevor Lawrence,Passing Yards,419.5,3100,,DraftKings,JAX Jaguars @ CIN Bengals,34118124
Trevor Lawrence,Passing Yards,429.5,3700,,DraftKings,JAX Jaguars @ CIN Bengals,34118124
Matthew Stafford,Passing Yards,169.5,-1200,,DraftKings,LA Rams @ PHI Eagles,34118078
Matthew Stafford,Passing Yards,179.5,-810,,DraftKings,LA Rams @ PHI Eagles,34118078
Matthew Stafford,Passing Yards,189.5,-577,,DraftKings,LA Rams @ PHI Eagles,34118078
Matthew Stafford,Passing Yards,199.5,-418,,DraftKings,LA Rams @ PHI Eagles,34118078
Matthew Stafford,Passing Yards,209.5,-309,,DraftKings,LA Rams @ PHI Eagles,34118078
Matthew Stafford,Passing Yards,219.5,-239,,DraftKings,LA Rams @ PHI Eagles,34118078
Matthew Stafford,Passing Yards,229.5,-186,,DraftKings,LA Rams @ PHI Eagles,34118078
Matthew Stafford,Passing Yards,239.5,-144,,DraftKings,LA Rams @ PHI Eagles,34118078
Matthew Stafford,Passing Yards,249.5,-113,,DraftKings,LA Rams @ PHI Eagles,34118078
Matthew Stafford,Passing Yards,259.5,113,,DraftKings,LA Rams @ PHI Eagles,34118078
Matthew Stafford,Passing Yards,269.5,145,,DraftKings,LA Rams @ PHI Eagles,34118078
Matthew Stafford,Passing Yards,279.5,184,,DraftKings,LA Rams @ PHI Eagles,34118078
Matthew Stafford,Passing Yards,289.5,231,,DraftKings,LA Rams @ PHI Eagles,34118078
Matthew Stafford,Passing Yards,299.5,293,,DraftKings,LA Rams @ PHI Eagles,34118078
Matthew Stafford,Passing Yards,309.5,372,,DraftKings,LA Rams @ PHI Eagles,34118078
Matthew Stafford,Passing Yards,319.5,469,,DraftKings,LA Rams @ PHI Eagles,34118078
Matthew Stafford,Passing Yards,329.5,589,,DraftKings,LA Rams @ PHI Eagles,34118078
Matthew Stafford,Passing Yards,339.5,750,,DraftKings,LA Rams @ PHI Eagles,34118078
Matthew Stafford,Passing Yards,349.5,940,,DraftKings,LA Rams @ PHI Eagles,34118078
Matthew Stafford,Passing Yards,359.5,1160,,DraftKings,LA Rams @ PHI Eagles,34118078
Matthew Stafford,Passing Yards,369.5,1480,,DraftKings,LA Rams @ PHI Eagles,34118078
Matthew Stafford,Passing Yards,379.5,1880,,DraftKings,LA Rams @ PHI Eagles,34118078
Matthew Stafford,Passing Yards,389.5,2300,,DraftKings,LA Rams @ PHI Eagles,34118078
Matthew Stafford,Passing Yards,399.5,2900,,DraftKings,LA Rams @ PHI Eagles,34118078
Matthew Stafford,Passing Yards,409.5,3400,,DraftKings,LA Rams @ PHI Eagles,34118078
Jalen Hurts,Passing Yards,149.5,-489,,DraftKings,LA Rams @ PHI Eagles,34118078
Jalen Hurts,Passing Yards,159.5,-359,,DraftKings,LA Rams @ PHI Eagles,34118078
Jalen Hurts,Passing Yards,169.5,-264,,DraftKings,LA Rams @ PHI Eagles,34118078
Jalen Hurts,Passing Yards,179.5,-195,,DraftKings,LA Rams @ PHI Eagles,34118078
Jalen Hurts,Passing Yards,189.5,-146,,DraftKings,LA Rams @ PHI Eagles,34118078
Jalen Hurts,Passing Yards,199.5,-112,,DraftKings,LA Rams @ PHI Eagles,34118078
Jalen Hurts,Passing Yards,209.5,117,,DraftKings,LA Rams @ PHI Eagles,34118078
Jalen Hurts,Passing Yards,219.5,150,,DraftKings,LA Rams @ PHI Eagles,34118078
Jalen Hurts,Passing Yards,229.5,194,,DraftKings,LA Rams @ PHI Eagles,34118078
Jalen Hurts,Passing Yards,239.5,251,,DraftKings,LA Rams @ PHI Eagles,34118078
Jalen Hurts,Passing Yards,249.5,326,,DraftKings,LA Rams @ PHI Eagles,34118078
Jalen Hurts,Passing Yards,259.5,417,,DraftKings,LA Rams @ PHI Eagles,34118078
Jalen Hurts,Passing Yards,269.5,533,,DraftKings,LA Rams @ PHI Eagles,34118078
Jalen Hurts,Passing Yards,279.5,690,,DraftKings,LA Rams @ PHI Eagles,34118078
Jalen Hurts,Passing Yards,289.5,880,,DraftKings,LA Rams @ PHI Eagles,34118078
Jalen Hurts,Passing Yards,299.5,1140,,DraftKings,LA Rams @ PHI Eagles,34118078
Jalen Hurts,Passing Yards,309.5,1460,,DraftKings,LA Rams @ PHI Eagles,34118078
Jalen Hurts,Passing Yards,319.5,1880,,DraftKings,LA Rams @ PHI Eagles,34118078
Jalen Hurts,Passing Yards,329.5,2300,,DraftKings,LA Rams @ PHI Eagles,34118078
Jalen Hurts,Passing Yards,339.5,2900,,DraftKings,LA Rams @ PHI Eagles,34118078
Jalen Hurts,Passing Yards,349.5,3600,,DraftKings,LA Rams @ PHI Eagles,34118078
Patrick Mahomes,Passing Yards,169.5,-1140,,DraftKings,KC Chiefs @ LV Raiders,34118238
Patrick Mahomes,Passing Yards,179.5,-760,,DraftKings,KC Chiefs @ LV Raiders,34118238
Patrick Mahomes,Passing Yards,189.5,-527,,DraftKings,KC Chiefs @ LV Raiders,34118238
Patrick Mahomes,Passing Yards,199.5,-379,,DraftKings,KC Chiefs @ LV Raiders,34118238
Patrick Mahomes,Passing Yards,209.5,-275,,DraftKings,KC Chiefs @ LV Raiders,34118238
Patrick Mahomes,Passing Yards,219.5,-208,,DraftKings,KC Chiefs @ LV Raiders,34118238
Patrick Mahomes,Passing Yards,229.5,-156,,DraftKings,KC Chiefs @ LV Raiders,34118238
Patrick Mahomes,Passing Yards,239.5,-118,,DraftKings,KC Chiefs @ LV Raiders,34118238
Patrick Mahomes,Passing Yards,241.5,-112,,DraftKings,KC Chiefs @ LV Raiders,34118238
Patrick Mahomes,Passing Yards,249.5,111,,DraftKings,KC Chiefs @ LV Raiders,34118238
Patrick Mahomes,Passing Yards,259.5,145,,DraftKings,KC Chiefs @ LV Raiders,34118238
Patrick Mahomes,Passing Yards,269.5,189,,DraftKings,KC Chiefs @ LV Raiders,34118238
Patrick Mahomes,Passing Yards,279.5,248,,DraftKings,KC Chiefs @ LV Raiders,34118238
Patrick Mahomes,Passing Yards,289.5,324,,DraftKings,KC Chiefs @ LV Raiders,34118238
Patrick Mahomes,Passing Yards,299.5,428,,DraftKings,KC Chiefs @ LV Raiders,34118238
Patrick Mahomes,Passing Yards,309.5,553,,DraftKings,KC Chiefs @ LV Raiders,34118238
Patrick Mahomes,Passing Yards,319.5,710,,DraftKings,KC Chiefs @ LV Raiders,34118238
Patrick Mahomes,Passing Yards,329.5,910,,DraftKings,KC Chiefs @ LV Raiders,34118238
Patrick Mahomes,Passing Yards,339.5,1200,,DraftKings,KC Chiefs @ LV Raiders,34118238
Patrick Mahomes,Passing Yards,349.5,1560,,DraftKings,KC Chiefs @ LV Raiders,34118238
Patrick Mahomes,Passing Yards,359.5,2000,,DraftKings,KC Chiefs @ LV Raiders,34118238
Patrick Mahomes,Passing Yards,369.5,2500,,DraftKings,KC Chiefs @ LV Raiders,34118238
Patrick Mahomes,Passing Yards,379.5,3200,,DraftKings,KC Chiefs @ LV Raiders,34118238
Patrick Mahomes,Passing Yards,389.5,4000,,DraftKings,KC Chiefs @ LV Raiders,34118238
Kirk Cousins,Passing Yards,159.5,-1040,,DraftKings,KC Chiefs @ LV Raiders,34118238
Kirk Cousins,Passing Yards,169.5,-700,,DraftKings,KC Chiefs @ LV Raiders,34118238
Kirk Cousins,Passing Yards,179.5,-486,,DraftKings,KC Chiefs @ LV Raiders,34118238
Kirk Cousins,Passing Yards,189.5,-342,,DraftKings,KC Chiefs @ LV Raiders,34118238
Kirk Cousins,Passing Yards,199.5,-250,,DraftKings,KC Chiefs @ LV Raiders,34118238
Kirk Cousins,Passing Yards,209.5,-185,,DraftKings,KC Chiefs @ LV Raiders,34118238
Kirk Cousins,Passing Yards,219.5,-140,,DraftKings,KC Chiefs @ LV Raiders,34118238
Kirk Cousins,Passing Yards,227.5,-113,,DraftKings,KC Chiefs @ LV Raiders,34118238
Kirk Cousins,Passing Yards,229.5,-107,,DraftKings,KC Chiefs @ LV Raiders,34118238
Kirk Cousins,Passing Yards,239.5,123,,DraftKings,KC Chiefs @ LV Raiders,34118238
Kirk Cousins,Passing Yards,249.5,160,,DraftKings,KC Chiefs @ LV Raiders,34118238
Kirk Cousins,Passing Yards,259.5,208,,DraftKings,KC Chiefs @ LV Raiders,34118238
Kirk Cousins,Passing Yards,269.5,266,,DraftKings,KC Chiefs @ LV Raiders,34118238
Kirk Cousins,Passing Yards,279.5,343,,DraftKings,KC Chiefs @ LV Raiders,34118238
Kirk Cousins,Passing Yards,289.5,445,,DraftKings,KC Chiefs @ LV Raiders,34118238
Kirk Cousins,Passing Yards,299.5,579,,DraftKings,KC Chiefs @ LV Raiders,34118238
Kirk Cousins,Passing Yards,309.5,750,,DraftKings,KC Chiefs @ LV Raiders,34118238
Kirk Cousins,Passing Yards,319.5,960,,DraftKings,KC Chiefs @ LV Raiders,34118238
Kirk Cousins,Passing Yards,329.5,1220,,DraftKings,KC Chiefs @ LV Raiders,34118238
Kirk Cousins,Passing Yards,339.5,1580,,DraftKings,KC Chiefs @ LV Raiders,34118238
Kirk Cousins,Passing Yards,349.5,2000,,DraftKings,KC Chiefs @ LV Raiders,34118238
Kirk Cousins,Passing Yards,359.5,2500,,DraftKings,KC Chiefs @ LV Raiders,34118238
Kirk Cousins,Passing Yards,369.5,3300,,DraftKings,KC Chiefs @ LV Raiders,34118238
Kirk Cousins,Passing Yards,379.5,3900,,DraftKings,KC Chiefs @ LV Raiders,34118238
Brock Purdy,Passing Yards,159.5,-1100,,DraftKings,DEN Broncos @ SF 49ers,34118067
Brock Purdy,Passing Yards,169.5,-740,,DraftKings,DEN Broncos @ SF 49ers,34118067
Brock Purdy,Passing Yards,179.5,-514,,DraftKings,DEN Broncos @ SF 49ers,34118067
Brock Purdy,Passing Yards,189.5,-366,,DraftKings,DEN Broncos @ SF 49ers,34118067
Brock Purdy,Passing Yards,199.5,-270,,DraftKings,DEN Broncos @ SF 49ers,34118067
Brock Purdy,Passing Yards,209.5,-201,,DraftKings,DEN Broncos @ SF 49ers,34118067
Brock Purdy,Passing Yards,219.5,-153,,DraftKings,DEN Broncos @ SF 49ers,34118067
Brock Purdy,Passing Yards,229.5,-118,,DraftKings,DEN Broncos @ SF 49ers,34118067
Brock Purdy,Passing Yards,231.5,-111,,DraftKings,DEN Broncos @ SF 49ers,34118067
Brock Purdy,Passing Yards,239.5,111,,DraftKings,DEN Broncos @ SF 49ers,34118067
Brock Purdy,Passing Yards,249.5,145,,DraftKings,DEN Broncos @ SF 49ers,34118067
Brock Purdy,Passing Yards,259.5,187,,DraftKings,DEN Broncos @ SF 49ers,34118067
Brock Purdy,Passing Yards,269.5,241,,DraftKings,DEN Broncos @ SF 49ers,34118067
Brock Purdy,Passing Yards,279.5,312,,DraftKings,DEN Broncos @ SF 49ers,34118067
Brock Purdy,Passing Yards,289.5,402,,DraftKings,DEN Broncos @ SF 49ers,34118067
Brock Purdy,Passing Yards,299.5,516,,DraftKings,DEN Broncos @ SF 49ers,34118067
Brock Purdy,Passing Yards,309.5,670,,DraftKings,DEN Broncos @ SF 49ers,34118067
Brock Purdy,Passing Yards,319.5,870,,DraftKings,DEN Broncos @ SF 49ers,34118067
Brock Purdy,Passing Yards,329.5,1120,,DraftKings,DEN Broncos @ SF 49ers,34118067
Brock Purdy,Passing Yards,339.5,1460,,DraftKings,DEN Broncos @ SF 49ers,34118067
Brock Purdy,Passing Yards,349.5,1860,,DraftKings,DEN Broncos @ SF 49ers,34118067
Brock Purdy,Passing Yards,359.5,2300,,DraftKings,DEN Broncos @ SF 49ers,34118067
Brock Purdy,Passing Yards,369.5,2900,,DraftKings,DEN Broncos @ SF 49ers,34118067
Brock Purdy,Passing Yards,379.5,3600,,DraftKings,DEN Broncos @ SF 49ers,34118067
Jared Goff,Passing Yards,179.5,-1280,,DraftKings,DET Lions @ CAR Panthers,34118032
Jared Goff,Passing Yards,189.5,-900,,DraftKings,DET Lions @ CAR Panthers,34118032
Jared Goff,Passing Yards,199.5,-640,,DraftKings,DET Lions @ CAR Panthers,34118032
Jared Goff,Passing Yards,209.5,-469,,DraftKings,DET Lions @ CAR Panthers,34118032
Jared Goff,Passing Yards,219.5,-350,,DraftKings,DET Lions @ CAR Panthers,34118032
Jared Goff,Passing Yards,229.5,-267,,DraftKings,DET Lions @ CAR Panthers,34118032
Jared Goff,Passing Yards,239.5,-206,,DraftKings,DET Lions @ CAR Panthers,34118032
Jared Goff,Passing Yards,249.5,-160,,DraftKings,DET Lions @ CAR Panthers,34118032
Jared Goff,Passing Yards,259.5,-126,,DraftKings,DET Lions @ CAR Panthers,34118032
Jared Goff,Passing Yards,264.5,-112,,DraftKings,DET Lions @ CAR Panthers,34118032
Jared Goff,Passing Yards,269.5,101,,DraftKings,DET Lions @ CAR Panthers,34118032
Jared Goff,Passing Yards,279.5,128,,DraftKings,DET Lions @ CAR Panthers,34118032
Jared Goff,Passing Yards,289.5,161,,DraftKings,DET Lions @ CAR Panthers,34118032
Jared Goff,Passing Yards,299.5,204,,DraftKings,DET Lions @ CAR Panthers,34118032
Jared Goff,Passing Yards,309.5,256,,DraftKings,DET Lions @ CAR Panthers,34118032
Jared Goff,Passing Yards,319.5,321,,DraftKings,DET Lions @ CAR Panthers,34118032
Jared Goff,Passing Yards,329.5,398,,DraftKings,DET Lions @ CAR Panthers,34118032
Jared Goff,Passing Yards,339.5,500,,DraftKings,DET Lions @ CAR Panthers,34118032
Jared Goff,Passing Yards,349.5,620,,DraftKings,DET Lions @ CAR Panthers,34118032
Jared Goff,Passing Yards,359.5,770,,DraftKings,DET Lions @ CAR Panthers,34118032
Jared Goff,Passing Yards,369.5,960,,DraftKings,DET Lions @ CAR Panthers,34118032
Jared Goff,Passing Yards,379.5,1220,,DraftKings,DET Lions @ CAR Panthers,34118032
Jared Goff,Passing Yards,389.5,1520,,DraftKings,DET Lions @ CAR Panthers,34118032
Jared Goff,Passing Yards,399.5,1860,,DraftKings,DET Lions @ CAR Panthers,34118032
Jared Goff,Passing Yards,409.5,2200,,DraftKings,DET Lions @ CAR Panthers,34118032
Jared Goff,Passing Yards,419.5,2700,,DraftKings,DET Lions @ CAR Panthers,34118032
Jared Goff,Passing Yards,429.5,3400,,DraftKings,DET Lions @ CAR Panthers,34118032
Bryce Young,Passing Yards,169.5,-1100,,DraftKings,DET Lions @ CAR Panthers,34118032
Bryce Young,Passing Yards,179.5,-770,,DraftKings,DET Lions @ CAR Panthers,34118032
Bryce Young,Passing Yards,189.5,-547,,DraftKings,DET Lions @ CAR Panthers,34118032
Bryce Young,Passing Yards,199.5,-404,,DraftKings,DET Lions @ CAR Panthers,34118032
Bryce Young,Passing Yards,209.5,-309,,DraftKings,DET Lions @ CAR Panthers,34118032
Bryce Young,Passing Yards,219.5,-238,,DraftKings,DET Lions @ CAR Panthers,34118032
Bryce Young,Passing Yards,229.5,-185,,DraftKings,DET Lions @ CAR Panthers,34118032
Bryce Young,Passing Yards,239.5,-145,,DraftKings,DET Lions @ CAR Panthers,34118032
Bryce Young,Passing Yards,249.5,-114,,DraftKings,DET Lions @ CAR Panthers,34118032
Bryce Young,Passing Yards,250.5,-112,,DraftKings,DET Lions @ CAR Panthers,34118032
Bryce Young,Passing Yards,259.5,110,,DraftKings,DET Lions @ CAR Panthers,34118032
Bryce Young,Passing Yards,269.5,138,,DraftKings,DET Lions @ CAR Panthers,34118032
Bryce Young,Passing Yards,279.5,172,,DraftKings,DET Lions @ CAR Panthers,34118032
Bryce Young,Passing Yards,289.5,213,,DraftKings,DET Lions @ CAR Panthers,34118032
Bryce Young,Passing Yards,299.5,264,,DraftKings,DET Lions @ CAR Panthers,34118032
Bryce Young,Passing Yards,309.5,324,,DraftKings,DET Lions @ CAR Panthers,34118032
Bryce Young,Passing Yards,319.5,407,,DraftKings,DET Lions @ CAR Panthers,34118032
Bryce Young,Passing Yards,329.5,501,,DraftKings,DET Lions @ CAR Panthers,34118032
Bryce Young,Passing Yards,339.5,630,,DraftKings,DET Lions @ CAR Panthers,34118032
Bryce Young,Passing Yards,349.5,770,,DraftKings,DET Lions @ CAR Panthers,34118032
Bryce Young,Passing Yards,359.5,950,,DraftKings,DET Lions @ CAR Panthers,34118032
Bryce Young,Passing Yards,369.5,1200,,DraftKings,DET Lions @ CAR Panthers,34118032
Bryce Young,Passing Yards,379.5,1500,,DraftKings,DET Lions @ CAR Panthers,34118032
Bryce Young,Passing Yards,389.5,1900,,DraftKings,DET Lions @ CAR Panthers,34118032
Bryce Young,Passing Yards,399.5,2300,,DraftKings,DET Lions @ CAR Panthers,34118032
Bryce Young,Passing Yards,409.5,2800,,DraftKings,DET Lions @ CAR Panthers,34118032
Bryce Young,Passing Yards,419.5,3500,,DraftKings,DET Lions @ CAR Panthers,34118032
DK Metcalf,Receiving Yards,14.5,-650,,DraftKings,PIT Steelers @ CLE Browns,34118083
DK Metcalf,Receiving Yards,24.5,-309,,DraftKings,PIT Steelers @ CLE Browns,34118083
DK Metcalf,Receiving Yards,39.5,-134,,DraftKings,PIT Steelers @ CLE Browns,34118083
DK Metcalf,Receiving Yards,43.5,-110,,DraftKings,PIT Steelers @ CLE Browns,34118083
DK Metcalf,Receiving Yards,49.5,118,,DraftKings,PIT Steelers @ CLE Browns,34118083
DK Metcalf,Receiving Yards,59.5,182,,DraftKings,PIT Steelers @ CLE Browns,34118083
DK Metcalf,Receiving Yards,69.5,271,,DraftKings,PIT Steelers @ CLE Browns,34118083
DK Metcalf,Receiving Yards,79.5,394,,DraftKings,PIT Steelers @ CLE Browns,34118083
DK Metcalf,Receiving Yards,89.5,576,,DraftKings,PIT Steelers @ CLE Browns,34118083
DK Metcalf,Receiving Yards,99.5,820,,DraftKings,PIT Steelers @ CLE Browns,34118083
DK Metcalf,Receiving Yards,109.5,1180,,DraftKings,PIT Steelers @ CLE Browns,34118083
DK Metcalf,Receiving Yards,119.5,1680,,DraftKings,PIT Steelers @ CLE Browns,34118083
DK Metcalf,Receiving Yards,129.5,2400,,DraftKings,PIT Steelers @ CLE Browns,34118083
DK Metcalf,Receiving Yards,139.5,3100,,DraftKings,PIT Steelers @ CLE Browns,34118083
DK Metcalf,Receiving Yards,149.5,4000,,DraftKings,PIT Steelers @ CLE Browns,34118083
Harold Fannin Jr.,Receiving Yards,14.5,-860,,DraftKings,PIT Steelers @ CLE Browns,34118083
Harold Fannin Jr.,Receiving Yards,24.5,-330,,DraftKings,PIT Steelers @ CLE Browns,34118083
Harold Fannin Jr.,Receiving Yards,39.5,-118,,DraftKings,PIT Steelers @ CLE Browns,34118083
Harold Fannin Jr.,Receiving Yards,40.5,-112,,DraftKings,PIT Steelers @ CLE Browns,34118083
Harold Fannin Jr.,Receiving Yards,49.5,147,,DraftKings,PIT Steelers @ CLE Browns,34118083
Harold Fannin Jr.,Receiving Yards,59.5,247,,DraftKings,PIT Steelers @ CLE Browns,34118083
Harold Fannin Jr.,Receiving Yards,69.5,397,,DraftKings,PIT Steelers @ CLE Browns,34118083
Harold Fannin Jr.,Receiving Yards,79.5,620,,DraftKings,PIT Steelers @ CLE Browns,34118083
Harold Fannin Jr.,Receiving Yards,89.5,950,,DraftKings,PIT Steelers @ CLE Browns,34118083
Harold Fannin Jr.,Receiving Yards,99.5,1440,,DraftKings,PIT Steelers @ CLE Browns,34118083
Harold Fannin Jr.,Receiving Yards,109.5,2200,,DraftKings,PIT Steelers @ CLE Browns,34118083
Harold Fannin Jr.,Receiving Yards,119.5,3100,,DraftKings,PIT Steelers @ CLE Browns,34118083
Michael Pittman Jr.,Receiving Yards,14.5,-365,,DraftKings,PIT Steelers @ CLE Browns,34118083
Michael Pittman Jr.,Receiving Yards,24.5,-179,,DraftKings,PIT Steelers @ CLE Browns,34118083
Michael Pittman Jr.,Receiving Yards,32.5,-112,,DraftKings,PIT Steelers @ CLE Browns,34118083
Michael Pittman Jr.,Receiving Yards,39.5,129,,DraftKings,PIT Steelers @ CLE Browns,34118083
Michael Pittman Jr.,Receiving Yards,49.5,209,,DraftKings,PIT Steelers @ CLE Browns,34118083
Michael Pittman Jr.,Receiving Yards,59.5,324,,DraftKings,PIT Steelers @ CLE Browns,34118083
Michael Pittman Jr.,Receiving Yards,69.5,492,,DraftKings,PIT Steelers @ CLE Browns,34118083
Michael Pittman Jr.,Receiving Yards,79.5,740,,DraftKings,PIT Steelers @ CLE Browns,34118083
Michael Pittman Jr.,Receiving Yards,89.5,1120,,DraftKings,PIT Steelers @ CLE Browns,34118083
Michael Pittman Jr.,Receiving Yards,99.5,1600,,DraftKings,PIT Steelers @ CLE Browns,34118083
Michael Pittman Jr.,Receiving Yards,109.5,2300,,DraftKings,PIT Steelers @ CLE Browns,34118083
Michael Pittman Jr.,Receiving Yards,119.5,3200,,DraftKings,PIT Steelers @ CLE Browns,34118083
Denzel Boston,Receiving Yards,14.5,-509,,DraftKings,PIT Steelers @ CLE Browns,34118083
Denzel Boston,Receiving Yards,24.5,-226,,DraftKings,PIT Steelers @ CLE Browns,34118083
Denzel Boston,Receiving Yards,36.5,-110,,DraftKings,PIT Steelers @ CLE Browns,34118083
Denzel Boston,Receiving Yards,39.5,107,,DraftKings,PIT Steelers @ CLE Browns,34118083
Denzel Boston,Receiving Yards,49.5,177,,DraftKings,PIT Steelers @ CLE Browns,34118083
Denzel Boston,Receiving Yards,59.5,286,,DraftKings,PIT Steelers @ CLE Browns,34118083
Denzel Boston,Receiving Yards,69.5,448,,DraftKings,PIT Steelers @ CLE Browns,34118083
Denzel Boston,Receiving Yards,79.5,710,,DraftKings,PIT Steelers @ CLE Browns,34118083
Denzel Boston,Receiving Yards,89.5,1060,,DraftKings,PIT Steelers @ CLE Browns,34118083
Denzel Boston,Receiving Yards,99.5,1580,,DraftKings,PIT Steelers @ CLE Browns,34118083
Denzel Boston,Receiving Yards,109.5,2300,,DraftKings,PIT Steelers @ CLE Browns,34118083
Denzel Boston,Receiving Yards,119.5,3300,,DraftKings,PIT Steelers @ CLE Browns,34118083
KC Concepcion,Receiving Yards,14.5,-539,,DraftKings,PIT Steelers @ CLE Browns,34118083
KC Concepcion,Receiving Yards,24.5,-222,,DraftKings,PIT Steelers @ CLE Browns,34118083
KC Concepcion,Receiving Yards,34.5,-112,,DraftKings,PIT Steelers @ CLE Browns,34118083
KC Concepcion,Receiving Yards,39.5,121,,DraftKings,PIT Steelers @ CLE Browns,34118083
KC Concepcion,Receiving Yards,49.5,210,,DraftKings,PIT Steelers @ CLE Browns,34118083
KC Concepcion,Receiving Yards,59.5,354,,DraftKings,PIT Steelers @ CLE Browns,34118083
KC Concepcion,Receiving Yards,69.5,571,,DraftKings,PIT Steelers @ CLE Browns,34118083
KC Concepcion,Receiving Yards,79.5,920,,DraftKings,PIT Steelers @ CLE Browns,34118083
KC Concepcion,Receiving Yards,89.5,1460,,DraftKings,PIT Steelers @ CLE Browns,34118083
KC Concepcion,Receiving Yards,99.5,2200,,DraftKings,PIT Steelers @ CLE Browns,34118083
KC Concepcion,Receiving Yards,109.5,3200,,DraftKings,PIT Steelers @ CLE Browns,34118083
Pat Freiermuth,Receiving Yards,14.5,-378,,DraftKings,PIT Steelers @ CLE Browns,34118083
Pat Freiermuth,Receiving Yards,24.5,-154,,DraftKings,PIT Steelers @ CLE Browns,34118083
Pat Freiermuth,Receiving Yards,28.5,-114,,DraftKings,PIT Steelers @ CLE Browns,34118083
Pat Freiermuth,Receiving Yards,39.5,179,,DraftKings,PIT Steelers @ CLE Browns,34118083
Pat Freiermuth,Receiving Yards,49.5,319,,DraftKings,PIT Steelers @ CLE Browns,34118083
Pat Freiermuth,Receiving Yards,59.5,532,,DraftKings,PIT Steelers @ CLE Browns,34118083
Pat Freiermuth,Receiving Yards,69.5,870,,DraftKings,PIT Steelers @ CLE Browns,34118083
Pat Freiermuth,Receiving Yards,79.5,1380,,DraftKings,PIT Steelers @ CLE Browns,34118083
Pat Freiermuth,Receiving Yards,89.5,2100,,DraftKings,PIT Steelers @ CLE Browns,34118083
Pat Freiermuth,Receiving Yards,99.5,3000,,DraftKings,PIT Steelers @ CLE Browns,34118083
Roman Wilson,Receiving Yards,14.5,-205,,DraftKings,PIT Steelers @ CLE Browns,34118083
Roman Wilson,Receiving Yards,22.5,-114,,DraftKings,PIT Steelers @ CLE Browns,34118083
Roman Wilson,Receiving Yards,24.5,101,,DraftKings,PIT Steelers @ CLE Browns,34118083
Roman Wilson,Receiving Yards,39.5,237,,DraftKings,PIT Steelers @ CLE Browns,34118083
Roman Wilson,Receiving Yards,49.5,393,,DraftKings,PIT Steelers @ CLE Browns,34118083
Roman Wilson,Receiving Yards,59.5,630,,DraftKings,PIT Steelers @ CLE Browns,34118083
Roman Wilson,Receiving Yards,69.5,990,,DraftKings,PIT Steelers @ CLE Browns,34118083
Roman Wilson,Receiving Yards,79.5,1540,,DraftKings,PIT Steelers @ CLE Browns,34118083
Roman Wilson,Receiving Yards,89.5,2300,,DraftKings,PIT Steelers @ CLE Browns,34118083
Roman Wilson,Receiving Yards,99.5,3200,,DraftKings,PIT Steelers @ CLE Browns,34118083
Jaylen Warren,Receiving Yards,14.5,-214,,DraftKings,PIT Steelers @ CLE Browns,34118083
Jaylen Warren,Receiving Yards,22.5,-115,,DraftKings,PIT Steelers @ CLE Browns,34118083
Jaylen Warren,Receiving Yards,24.5,-101,,DraftKings,PIT Steelers @ CLE Browns,34118083
Jaylen Warren,Receiving Yards,39.5,247,,DraftKings,PIT Steelers @ CLE Browns,34118083
Jaylen Warren,Receiving Yards,49.5,414,,DraftKings,PIT Steelers @ CLE Browns,34118083
Jaylen Warren,Receiving Yards,59.5,660,,DraftKings,PIT Steelers @ CLE Browns,34118083
Jaylen Warren,Receiving Yards,69.5,1060,,DraftKings,PIT Steelers @ CLE Browns,34118083
Jaylen Warren,Receiving Yards,79.5,1620,,DraftKings,PIT Steelers @ CLE Browns,34118083
Jaylen Warren,Receiving Yards,89.5,2400,,DraftKings,PIT Steelers @ CLE Browns,34118083
Jaylen Warren,Receiving Yards,99.5,3300,,DraftKings,PIT Steelers @ CLE Browns,34118083
Darnell Washington,Receiving Yards,14.5,-150,,DraftKings,PIT Steelers @ CLE Browns,34118083
Darnell Washington,Receiving Yards,17.5,-114,,DraftKings,PIT Steelers @ CLE Browns,34118083
Darnell Washington,Receiving Yards,24.5,149,,DraftKings,PIT Steelers @ CLE Browns,34118083
Darnell Washington,Receiving Yards,39.5,400,,DraftKings,PIT Steelers @ CLE Browns,34118083
Darnell Washington,Receiving Yards,49.5,700,,DraftKings,PIT Steelers @ CLE Browns,34118083
Darnell Washington,Receiving Yards,59.5,1200,,DraftKings,PIT Steelers @ CLE Browns,34118083
Darnell Washington,Receiving Yards,69.5,1900,,DraftKings,PIT Steelers @ CLE Browns,34118083
Darnell Washington,Receiving Yards,79.5,2800,,DraftKings,PIT Steelers @ CLE Browns,34118083
Jerry Jeudy,Receiving Yards,14.5,-108,,DraftKings,PIT Steelers @ CLE Browns,34118083
Jerry Jeudy,Receiving Yards,24.5,206,,DraftKings,PIT Steelers @ CLE Browns,34118083
Jerry Jeudy,Receiving Yards,39.5,522,,DraftKings,PIT Steelers @ CLE Browns,34118083
Jerry Jeudy,Receiving Yards,49.5,930,,DraftKings,PIT Steelers @ CLE Browns,34118083
Jerry Jeudy,Receiving Yards,59.5,1520,,DraftKings,PIT Steelers @ CLE Browns,34118083
Jerry Jeudy,Receiving Yards,69.5,2400,,DraftKings,PIT Steelers @ CLE Browns,34118083
Jerry Jeudy,Receiving Yards,79.5,3900,,DraftKings,PIT Steelers @ CLE Browns,34118083
Quinshon Judkins,Receiving Yards,12.5,-113,,DraftKings,PIT Steelers @ CLE Browns,34118083
Quinshon Judkins,Receiving Yards,14.5,107,,DraftKings,PIT Steelers @ CLE Browns,34118083
Quinshon Judkins,Receiving Yards,24.5,253,,DraftKings,PIT Steelers @ CLE Browns,34118083
Quinshon Judkins,Receiving Yards,39.5,740,,DraftKings,PIT Steelers @ CLE Browns,34118083
Quinshon Judkins,Receiving Yards,49.5,1340,,DraftKings,PIT Steelers @ CLE Browns,34118083
Quinshon Judkins,Receiving Yards,59.5,2200,,DraftKings,PIT Steelers @ CLE Browns,34118083
Quinshon Judkins,Receiving Yards,69.5,3300,,DraftKings,PIT Steelers @ CLE Browns,34118083
Raheim Sanders,Receiving Yards,10.5,-115,,DraftKings,PIT Steelers @ CLE Browns,34118083
Raheim Sanders,Receiving Yards,14.5,127,,DraftKings,PIT Steelers @ CLE Browns,34118083
Raheim Sanders,Receiving Yards,24.5,290,,DraftKings,PIT Steelers @ CLE Browns,34118083
Raheim Sanders,Receiving Yards,39.5,790,,DraftKings,PIT Steelers @ CLE Browns,34118083
Raheim Sanders,Receiving Yards,49.5,1400,,DraftKings,PIT Steelers @ CLE Browns,34118083
Raheim Sanders,Receiving Yards,59.5,2200,,DraftKings,PIT Steelers @ CLE Browns,34118083
Raheim Sanders,Receiving Yards,69.5,3400,,DraftKings,PIT Steelers @ CLE Browns,34118083
Josh Downs,Receiving Yards,24.5,-1000,,DraftKings,IND Colts @ WAS Commanders,34118061
Josh Downs,Receiving Yards,39.5,-359,,DraftKings,IND Colts @ WAS Commanders,34118061
Josh Downs,Receiving Yards,49.5,-209,,DraftKings,IND Colts @ WAS Commanders,34118061
Josh Downs,Receiving Yards,59.5,-132,,DraftKings,IND Colts @ WAS Commanders,34118061
Josh Downs,Receiving Yards,63.5,-112,,DraftKings,IND Colts @ WAS Commanders,34118061
Josh Downs,Receiving Yards,69.5,115,,DraftKings,IND Colts @ WAS Commanders,34118061
Josh Downs,Receiving Yards,79.5,173,,DraftKings,IND Colts @ WAS Commanders,34118061
Josh Downs,Receiving Yards,89.5,258,,DraftKings,IND Colts @ WAS Commanders,34118061
Josh Downs,Receiving Yards,99.5,379,,DraftKings,IND Colts @ WAS Commanders,34118061
Josh Downs,Receiving Yards,109.5,550,,DraftKings,IND Colts @ WAS Commanders,34118061
Josh Downs,Receiving Yards,119.5,790,,DraftKings,IND Colts @ WAS Commanders,34118061
Josh Downs,Receiving Yards,129.5,1120,,DraftKings,IND Colts @ WAS Commanders,34118061
Josh Downs,Receiving Yards,139.5,1540,,DraftKings,IND Colts @ WAS Commanders,34118061
Josh Downs,Receiving Yards,149.5,2200,,DraftKings,IND Colts @ WAS Commanders,34118061
Josh Downs,Receiving Yards,159.5,3100,,DraftKings,IND Colts @ WAS Commanders,34118061
Josh Downs,Receiving Yards,169.5,4000,,DraftKings,IND Colts @ WAS Commanders,34118061
Terry McLaurin,Receiving Yards,14.5,-1580,,DraftKings,IND Colts @ WAS Commanders,34118061
Terry McLaurin,Receiving Yards,24.5,-589,,DraftKings,IND Colts @ WAS Commanders,34118061
Terry McLaurin,Receiving Yards,39.5,-225,,DraftKings,IND Colts @ WAS Commanders,34118061
Terry McLaurin,Receiving Yards,49.5,-136,,DraftKings,IND Colts @ WAS Commanders,34118061
Terry McLaurin,Receiving Yards,53.5,-114,,DraftKings,IND Colts @ WAS Commanders,34118061
Terry McLaurin,Receiving Yards,59.5,113,,DraftKings,IND Colts @ WAS Commanders,34118061
Terry McLaurin,Receiving Yards,69.5,173,,DraftKings,IND Colts @ WAS Commanders,34118061
Terry McLaurin,Receiving Yards,79.5,254,,DraftKings,IND Colts @ WAS Commanders,34118061
Terry McLaurin,Receiving Yards,89.5,366,,DraftKings,IND Colts @ WAS Commanders,34118061
Terry McLaurin,Receiving Yards,99.5,526,,DraftKings,IND Colts @ WAS Commanders,34118061
Terry McLaurin,Receiving Yards,109.5,740,,DraftKings,IND Colts @ WAS Commanders,34118061
Terry McLaurin,Receiving Yards,119.5,1080,,DraftKings,IND Colts @ WAS Commanders,34118061
Terry McLaurin,Receiving Yards,129.5,1500,,DraftKings,IND Colts @ WAS Commanders,34118061
Terry McLaurin,Receiving Yards,139.5,2100,,DraftKings,IND Colts @ WAS Commanders,34118061
Terry McLaurin,Receiving Yards,149.5,2800,,DraftKings,IND Colts @ WAS Commanders,34118061
Terry McLaurin,Receiving Yards,159.5,3800,,DraftKings,IND Colts @ WAS Commanders,34118061
Tyler Warren,Receiving Yards,14.5,-1560,,DraftKings,IND Colts @ WAS Commanders,34118061
Tyler Warren,Receiving Yards,24.5,-522,,DraftKings,IND Colts @ WAS Commanders,34118061
Tyler Warren,Receiving Yards,39.5,-177,,DraftKings,IND Colts @ WAS Commanders,34118061
Tyler Warren,Receiving Yards,47.5,-113,,DraftKings,IND Colts @ WAS Commanders,34118061
Tyler Warren,Receiving Yards,49.5,-101,,DraftKings,IND Colts @ WAS Commanders,34118061
Tyler Warren,Receiving Yards,59.5,164,,DraftKings,IND Colts @ WAS Commanders,34118061
Tyler Warren,Receiving Yards,69.5,263,,DraftKings,IND Colts @ WAS Commanders,34118061
Tyler Warren,Receiving Yards,79.5,407,,DraftKings,IND Colts @ WAS Commanders,34118061
Tyler Warren,Receiving Yards,89.5,630,,DraftKings,IND Colts @ WAS Commanders,34118061
Tyler Warren,Receiving Yards,99.5,960,,DraftKings,IND Colts @ WAS Commanders,34118061
Tyler Warren,Receiving Yards,109.5,1420,,DraftKings,IND Colts @ WAS Commanders,34118061
Tyler Warren,Receiving Yards,119.5,2000,,DraftKings,IND Colts @ WAS Commanders,34118061
Tyler Warren,Receiving Yards,129.5,2900,,DraftKings,IND Colts @ WAS Commanders,34118061
Tyler Warren,Receiving Yards,139.5,4000,,DraftKings,IND Colts @ WAS Commanders,34118061
Keenan Allen,Receiving Yards,14.5,-494,,DraftKings,IND Colts @ WAS Commanders,34118061
Keenan Allen,Receiving Yards,24.5,-208,,DraftKings,IND Colts @ WAS Commanders,34118061
Keenan Allen,Receiving Yards,34.5,-109,,DraftKings,IND Colts @ WAS Commanders,34118061
Keenan Allen,Receiving Yards,39.5,122,,DraftKings,IND Colts @ WAS Commanders,34118061
Keenan Allen,Receiving Yards,49.5,206,,DraftKings,IND Colts @ WAS Commanders,34118061
Keenan Allen,Receiving Yards,59.5,332,,DraftKings,IND Colts @ WAS Commanders,34118061
Keenan Allen,Receiving Yards,69.5,533,,DraftKings,IND Colts @ WAS Commanders,34118061
Keenan Allen,Receiving Yards,79.5,830,,DraftKings,IND Colts @ WAS Commanders,34118061
Keenan Allen,Receiving Yards,89.5,1280,,DraftKings,IND Colts @ WAS Commanders,34118061
Keenan Allen,Receiving Yards,99.5,1940,,DraftKings,IND Colts @ WAS Commanders,34118061
Keenan Allen,Receiving Yards,109.5,2700,,DraftKings,IND Colts @ WAS Commanders,34118061
Keenan Allen,Receiving Yards,119.5,3800,,DraftKings,IND Colts @ WAS Commanders,34118061
Jonathan Taylor,Receiving Yards,14.5,-176,,DraftKings,IND Colts @ WAS Commanders,34118061
Jonathan Taylor,Receiving Yards,19.5,-110,,DraftKings,IND Colts @ WAS Commanders,34118061
Jonathan Taylor,Receiving Yards,24.5,134,,DraftKings,IND Colts @ WAS Commanders,34118061
Jonathan Taylor,Receiving Yards,39.5,365,,DraftKings,IND Colts @ WAS Commanders,34118061
Jonathan Taylor,Receiving Yards,49.5,660,,DraftKings,IND Colts @ WAS Commanders,34118061
Jonathan Taylor,Receiving Yards,59.5,1120,,DraftKings,IND Colts @ WAS Commanders,34118061
Jonathan Taylor,Receiving Yards,69.5,1780,,DraftKings,IND Colts @ WAS Commanders,34118061
Jonathan Taylor,Receiving Yards,79.5,2700,,DraftKings,IND Colts @ WAS Commanders,34118061
Jonathan Taylor,Receiving Yards,89.5,3800,,DraftKings,IND Colts @ WAS Commanders,34118061
Dalton Kincaid,Receiving Yards,14.5,-1660,,DraftKings,NE Patriots @ BUF Bills,34118207
Dalton Kincaid,Receiving Yards,24.5,-630,,DraftKings,NE Patriots @ BUF Bills,34118207
Dalton Kincaid,Receiving Yards,39.5,-233,,DraftKings,NE Patriots @ BUF Bills,34118207
Dalton Kincaid,Receiving Yards,49.5,-139,,DraftKings,NE Patriots @ BUF Bills,34118207
Dalton Kincaid,Receiving Yards,54.5,-110,,DraftKings,NE Patriots @ BUF Bills,34118207
Dalton Kincaid,Receiving Yards,59.5,115,,DraftKings,NE Patriots @ BUF Bills,34118207
Dalton Kincaid,Receiving Yards,69.5,176,,DraftKings,NE Patriots @ BUF Bills,34118207
Dalton Kincaid,Receiving Yards,79.5,264,,DraftKings,NE Patriots @ BUF Bills,34118207
Dalton Kincaid,Receiving Yards,89.5,392,,DraftKings,NE Patriots @ BUF Bills,34118207
Dalton Kincaid,Receiving Yards,99.5,570,,DraftKings,NE Patriots @ BUF Bills,34118207
Dalton Kincaid,Receiving Yards,109.5,820,,DraftKings,NE Patriots @ BUF Bills,34118207
Dalton Kincaid,Receiving Yards,119.5,1180,,DraftKings,NE Patriots @ BUF Bills,34118207
Dalton Kincaid,Receiving Yards,129.5,1680,,DraftKings,NE Patriots @ BUF Bills,34118207
Dalton Kincaid,Receiving Yards,139.5,2300,,DraftKings,NE Patriots @ BUF Bills,34118207
Dalton Kincaid,Receiving Yards,149.5,3100,,DraftKings,NE Patriots @ BUF Bills,34118207
D.J. Moore,Receiving Yards,14.5,-970,,DraftKings,NE Patriots @ BUF Bills,34118207
D.J. Moore,Receiving Yards,24.5,-396,,DraftKings,NE Patriots @ BUF Bills,34118207
D.J. Moore,Receiving Yards,39.5,-160,,DraftKings,NE Patriots @ BUF Bills,34118207
D.J. Moore,Receiving Yards,46.5,-113,,DraftKings,NE Patriots @ BUF Bills,34118207
D.J. Moore,Receiving Yards,49.5,102,,DraftKings,NE Patriots @ BUF Bills,34118207
D.J. Moore,Receiving Yards,59.5,164,,DraftKings,NE Patriots @ BUF Bills,34118207
D.J. Moore,Receiving Yards,69.5,250,,DraftKings,NE Patriots @ BUF Bills,34118207
D.J. Moore,Receiving Yards,79.5,385,,DraftKings,NE Patriots @ BUF Bills,34118207
D.J. Moore,Receiving Yards,89.5,567,,DraftKings,NE Patriots @ BUF Bills,34118207
D.J. Moore,Receiving Yards,99.5,820,,DraftKings,NE Patriots @ BUF Bills,34118207
D.J. Moore,Receiving Yards,109.5,1220,,DraftKings,NE Patriots @ BUF Bills,34118207
D.J. Moore,Receiving Yards,119.5,1740,,DraftKings,NE Patriots @ BUF Bills,34118207
D.J. Moore,Receiving Yards,129.5,2600,,DraftKings,NE Patriots @ BUF Bills,34118207
D.J. Moore,Receiving Yards,139.5,3500,,DraftKings,NE Patriots @ BUF Bills,34118207
Khalil Shakir,Receiving Yards,14.5,-650,,DraftKings,NE Patriots @ BUF Bills,34118207
Khalil Shakir,Receiving Yards,24.5,-264,,DraftKings,NE Patriots @ BUF Bills,34118207
Khalil Shakir,Receiving Yards,38.5,-110,,DraftKings,NE Patriots @ BUF Bills,34118207
Khalil Shakir,Receiving Yards,39.5,-104,,DraftKings,NE Patriots @ BUF Bills,34118207
Khalil Shakir,Receiving Yards,49.5,163,,DraftKings,NE Patriots @ BUF Bills,34118207
Khalil Shakir,Receiving Yards,59.5,262,,DraftKings,NE Patriots @ BUF Bills,34118207
Khalil Shakir,Receiving Yards,69.5,409,,DraftKings,NE Patriots @ BUF Bills,34118207
Khalil Shakir,Receiving Yards,79.5,640,,DraftKings,NE Patriots @ BUF Bills,34118207
Khalil Shakir,Receiving Yards,89.5,970,,DraftKings,NE Patriots @ BUF Bills,34118207
Khalil Shakir,Receiving Yards,99.5,1500,,DraftKings,NE Patriots @ BUF Bills,34118207
Khalil Shakir,Receiving Yards,109.5,2200,,DraftKings,NE Patriots @ BUF Bills,34118207
Khalil Shakir,Receiving Yards,119.5,3100,,DraftKings,NE Patriots @ BUF Bills,34118207
Keon Coleman,Receiving Yards,13.5,-109,,DraftKings,NE Patriots @ BUF Bills,34118207
Keon Coleman,Receiving Yards,14.5,100,,DraftKings,NE Patriots @ BUF Bills,34118207
Keon Coleman,Receiving Yards,24.5,209,,DraftKings,NE Patriots @ BUF Bills,34118207
Keon Coleman,Receiving Yards,39.5,521,,DraftKings,NE Patriots @ BUF Bills,34118207
Keon Coleman,Receiving Yards,49.5,890,,DraftKings,NE Patriots @ BUF Bills,34118207
Keon Coleman,Receiving Yards,59.5,1420,,DraftKings,NE Patriots @ BUF Bills,34118207
Keon Coleman,Receiving Yards,69.5,2200,,DraftKings,NE Patriots @ BUF Bills,34118207
Keon Coleman,Receiving Yards,79.5,3200,,DraftKings,NE Patriots @ BUF Bills,34118207
Ty Johnson,Receiving Yards,13.5,-109,,DraftKings,NE Patriots @ BUF Bills,34118207
Ty Johnson,Receiving Yards,14.5,100,,DraftKings,NE Patriots @ BUF Bills,34118207
Ty Johnson,Receiving Yards,24.5,220,,DraftKings,NE Patriots @ BUF Bills,34118207
Ty Johnson,Receiving Yards,39.5,610,,DraftKings,NE Patriots @ BUF Bills,34118207
Ty Johnson,Receiving Yards,49.5,1080,,DraftKings,NE Patriots @ BUF Bills,34118207
Ty Johnson,Receiving Yards,59.5,1760,,DraftKings,NE Patriots @ BUF Bills,34118207
Ty Johnson,Receiving Yards,69.5,2800,,DraftKings,NE Patriots @ BUF Bills,34118207
James Cook,Receiving Yards,7.5,-106,,DraftKings,NE Patriots @ BUF Bills,34118207
James Cook,Receiving Yards,14.5,228,,DraftKings,NE Patriots @ BUF Bills,34118207
James Cook,Receiving Yards,24.5,589,,DraftKings,NE Patriots @ BUF Bills,34118207
James Cook,Receiving Yards,39.5,1720,,DraftKings,NE Patriots @ BUF Bills,34118207
James Cook,Receiving Yards,49.5,2800,,DraftKings,NE Patriots @ BUF Bills,34118207
James Cook,Receiving Yards,59.5,4000,,DraftKings,NE Patriots @ BUF Bills,34118207
Ja'Marr Chase,Receiving Yards,24.5,-2900,,DraftKings,JAX Jaguars @ CIN Bengals,34118124
Ja'Marr Chase,Receiving Yards,39.5,-800,,DraftKings,JAX Jaguars @ CIN Bengals,34118124
Ja'Marr Chase,Receiving Yards,49.5,-421,,DraftKings,JAX Jaguars @ CIN Bengals,34118124
Ja'Marr Chase,Receiving Yards,59.5,-247,,DraftKings,JAX Jaguars @ CIN Bengals,34118124
Ja'Marr Chase,Receiving Yards,69.5,-157,,DraftKings,JAX Jaguars @ CIN Bengals,34118124
Ja'Marr Chase,Receiving Yards,77.5,-112,,DraftKings,JAX Jaguars @ CIN Bengals,34118124
Ja'Marr Chase,Receiving Yards,79.5,-103,,DraftKings,JAX Jaguars @ CIN Bengals,34118124
Ja'Marr Chase,Receiving Yards,89.5,145,,DraftKings,JAX Jaguars @ CIN Bengals,34118124
Ja'Marr Chase,Receiving Yards,99.5,209,,DraftKings,JAX Jaguars @ CIN Bengals,34118124
Ja'Marr Chase,Receiving Yards,109.5,299,,DraftKings,JAX Jaguars @ CIN Bengals,34118124
Ja'Marr Chase,Receiving Yards,119.5,425,,DraftKings,JAX Jaguars @ CIN Bengals,34118124
Ja'Marr Chase,Receiving Yards,129.5,610,,DraftKings,JAX Jaguars @ CIN Bengals,34118124
Ja'Marr Chase,Receiving Yards,139.5,870,,DraftKings,JAX Jaguars @ CIN Bengals,34118124
Ja'Marr Chase,Receiving Yards,149.5,1240,,DraftKings,JAX Jaguars @ CIN Bengals,34118124
Ja'Marr Chase,Receiving Yards,159.5,1700,,DraftKings,JAX Jaguars @ CIN Bengals,34118124
Ja'Marr Chase,Receiving Yards,169.5,2300,,DraftKings,JAX Jaguars @ CIN Bengals,34118124
Ja'Marr Chase,Receiving Yards,179.5,3200,,DraftKings,JAX Jaguars @ CIN Bengals,34118124
Parker Washington,Receiving Yards,24.5,-1580,,DraftKings,JAX Jaguars @ CIN Bengals,34118124
Parker Washington,Receiving Yards,39.5,-514,,DraftKings,JAX Jaguars @ CIN Bengals,34118124
Parker Washington,Receiving Yards,49.5,-301,,DraftKings,JAX Jaguars @ CIN Bengals,34118124
Parker Washington,Receiving Yards,59.5,-186,,DraftKings,JAX Jaguars @ CIN Bengals,34118124
Parker Washington,Receiving Yards,69.5,-120,,DraftKings,JAX Jaguars @ CIN Bengals,34118124
Parker Washington,Receiving Yards,71.5,-111,,DraftKings,JAX Jaguars @ CIN Bengals,34118124
Parker Washington,Receiving Yards,79.5,122,,DraftKings,JAX Jaguars @ CIN Bengals,34118124
Parker Washington,Receiving Yards,89.5,178,,DraftKings,JAX Jaguars @ CIN Bengals,34118124
Parker Washington,Receiving Yards,99.5,252,,DraftKings,JAX Jaguars @ CIN Bengals,34118124
Parker Washington,Receiving Yards,109.5,359,,DraftKings,JAX Jaguars @ CIN Bengals,34118124
Parker Washington,Receiving Yards,119.5,512,,DraftKings,JAX Jaguars @ CIN Bengals,34118124
Parker Washington,Receiving Yards,129.5,730,,DraftKings,JAX Jaguars @ CIN Bengals,34118124
Parker Washington,Receiving Yards,139.5,1000,,DraftKings,JAX Jaguars @ CIN Bengals,34118124
Parker Washington,Receiving Yards,149.5,1420,,DraftKings,JAX Jaguars @ CIN Bengals,34118124
Parker Washington,Receiving Yards,159.5,1980,,DraftKings,JAX Jaguars @ CIN Bengals,34118124
Parker Washington,Receiving Yards,169.5,2600,,DraftKings,JAX Jaguars @ CIN Bengals,34118124
Parker Washington,Receiving Yards,179.5,3600,,DraftKings,JAX Jaguars @ CIN Bengals,34118124
Tee Higgins,Receiving Yards,14.5,-2700,,DraftKings,JAX Jaguars @ CIN Bengals,34118124
Tee Higgins,Receiving Yards,24.5,-900,,DraftKings,JAX Jaguars @ CIN Bengals,34118124
Tee Higgins,Receiving Yards,39.5,-336,,DraftKings,JAX Jaguars @ CIN Bengals,34118124
Tee Higgins,Receiving Yards,49.5,-202,,DraftKings,JAX Jaguars @ CIN Bengals,34118124
Tee Higgins,Receiving Yards,59.5,-125,,DraftKings,JAX Jaguars @ CIN Bengals,34118124
Tee Higgins,Receiving Yards,61.5,-114,,DraftKings,JAX Jaguars @ CIN Bengals,34118124
Tee Higgins,Receiving Yards,69.5,122,,DraftKings,JAX Jaguars @ CIN Bengals,34118124
Tee Higgins,Receiving Yards,79.5,181,,DraftKings,JAX Jaguars @ CIN Bengals,34118124
Tee Higgins,Receiving Yards,89.5,264,,DraftKings,JAX Jaguars @ CIN Bengals,34118124
Tee Higgins,Receiving Yards,99.5,379,,DraftKings,JAX Jaguars @ CIN Bengals,34118124
Tee Higgins,Receiving Yards,109.5,540,,DraftKings,JAX Jaguars @ CIN Bengals,34118124
Tee Higgins,Receiving Yards,119.5,770,,DraftKings,JAX Jaguars @ CIN Bengals,34118124
Tee Higgins,Receiving Yards,129.5,1080,,DraftKings,JAX Jaguars @ CIN Bengals,34118124
Tee Higgins,Receiving Yards,139.5,1560,,DraftKings,JAX Jaguars @ CIN Bengals,34118124
Tee Higgins,Receiving Yards,149.5,2100,,DraftKings,JAX Jaguars @ CIN Bengals,34118124
Tee Higgins,Receiving Yards,159.5,2900,,DraftKings,JAX Jaguars @ CIN Bengals,34118124
Tee Higgins,Receiving Yards,169.5,3900,,DraftKings,JAX Jaguars @ CIN Bengals,34118124
Jakobi Meyers,Receiving Yards,14.5,-760,,DraftKings,JAX Jaguars @ CIN Bengals,34118124
Jakobi Meyers,Receiving Yards,24.5,-304,,DraftKings,JAX Jaguars @ CIN Bengals,34118124
Jakobi Meyers,Receiving Yards,39.5,-119,,DraftKings,JAX Jaguars @ CIN Bengals,34118124
Jakobi Meyers,Receiving Yards,40.5,-113,,DraftKings,JAX Jaguars @ CIN Bengals,34118124
Jakobi Meyers,Receiving Yards,49.5,139,,DraftKings,JAX Jaguars @ CIN Bengals,34118124
Jakobi Meyers,Receiving Yards,59.5,221,,DraftKings,JAX Jaguars @ CIN Bengals,34118124
Jakobi Meyers,Receiving Yards,69.5,348,,DraftKings,JAX Jaguars @ CIN Bengals,34118124
Jakobi Meyers,Receiving Yards,79.5,534,,DraftKings,JAX Jaguars @ CIN Bengals,34118124
Jakobi Meyers,Receiving Yards,89.5,810,,DraftKings,JAX Jaguars @ CIN Bengals,34118124
Jakobi Meyers,Receiving Yards,99.5,1260,,DraftKings,JAX Jaguars @ CIN Bengals,34118124
Jakobi Meyers,Receiving Yards,109.5,1860,,DraftKings,JAX Jaguars @ CIN Bengals,34118124
Jakobi Meyers,Receiving Yards,119.5,2600,,DraftKings,JAX Jaguars @ CIN Bengals,34118124
Jakobi Meyers,Receiving Yards,129.5,3700,,DraftKings,JAX Jaguars @ CIN Bengals,34118124
Davante Adams,Receiving Yards,24.5,-1280,,DraftKings,LA Rams @ PHI Eagles,34118078
Davante Adams,Receiving Yards,39.5,-460,,DraftKings,LA Rams @ PHI Eagles,34118078
Davante Adams,Receiving Yards,49.5,-282,,DraftKings,LA Rams @ PHI Eagles,34118078
Davante Adams,Receiving Yards,59.5,-187,,DraftKings,LA Rams @ PHI Eagles,34118078
Davante Adams,Receiving Yards,69.5,-126,,DraftKings,LA Rams @ PHI Eagles,34118078
Davante Adams,Receiving Yards,72.5,-113,,DraftKings,LA Rams @ PHI Eagles,34118078
Davante Adams,Receiving Yards,79.5,113,,DraftKings,LA Rams @ PHI Eagles,34118078
Davante Adams,Receiving Yards,89.5,158,,DraftKings,LA Rams @ PHI Eagles,34118078
Davante Adams,Receiving Yards,99.5,216,,DraftKings,LA Rams @ PHI Eagles,34118078
Davante Adams,Receiving Yards,109.5,291,,DraftKings,LA Rams @ PHI Eagles,34118078
Davante Adams,Receiving Yards,119.5,392,,DraftKings,LA Rams @ PHI Eagles,34118078
Davante Adams,Receiving Yards,129.5,521,,DraftKings,LA Rams @ PHI Eagles,34118078
Davante Adams,Receiving Yards,139.5,680,,DraftKings,LA Rams @ PHI Eagles,34118078
Davante Adams,Receiving Yards,149.5,910,,DraftKings,LA Rams @ PHI Eagles,34118078
Davante Adams,Receiving Yards,159.5,1220,,DraftKings,LA Rams @ PHI Eagles,34118078
Davante Adams,Receiving Yards,169.5,1580,,DraftKings,LA Rams @ PHI Eagles,34118078
Davante Adams,Receiving Yards,179.5,2100,,DraftKings,LA Rams @ PHI Eagles,34118078
Davante Adams,Receiving Yards,189.5,2600,,DraftKings,LA Rams @ PHI Eagles,34118078
Davante Adams,Receiving Yards,199.5,3200,,DraftKings,LA Rams @ PHI Eagles,34118078
DeVonta Smith,Receiving Yards,24.5,-1300,,DraftKings,LA Rams @ PHI Eagles,34118078
DeVonta Smith,Receiving Yards,39.5,-428,,DraftKings,LA Rams @ PHI Eagles,34118078
DeVonta Smith,Receiving Yards,49.5,-251,,DraftKings,LA Rams @ PHI Eagles,34118078
DeVonta Smith,Receiving Yards,59.5,-156,,DraftKings,LA Rams @ PHI Eagles,34118078
DeVonta Smith,Receiving Yards,67.5,-112,,DraftKings,LA Rams @ PHI Eagles,34118078
DeVonta Smith,Receiving Yards,69.5,-103,,DraftKings,LA Rams @ PHI Eagles,34118078
DeVonta Smith,Receiving Yards,79.5,143,,DraftKings,LA Rams @ PHI Eagles,34118078
DeVonta Smith,Receiving Yards,89.5,208,,DraftKings,LA Rams @ PHI Eagles,34118078
DeVonta Smith,Receiving Yards,99.5,302,,DraftKings,LA Rams @ PHI Eagles,34118078
DeVonta Smith,Receiving Yards,109.5,430,,DraftKings,LA Rams @ PHI Eagles,34118078
DeVonta Smith,Receiving Yards,119.5,620,,DraftKings,LA Rams @ PHI Eagles,34118078
DeVonta Smith,Receiving Yards,129.5,860,,DraftKings,LA Rams @ PHI Eagles,34118078
DeVonta Smith,Receiving Yards,139.5,1180,,DraftKings,LA Rams @ PHI Eagles,34118078
DeVonta Smith,Receiving Yards,149.5,1660,,DraftKings,LA Rams @ PHI Eagles,34118078
DeVonta Smith,Receiving Yards,159.5,2300,,DraftKings,LA Rams @ PHI Eagles,34118078
DeVonta Smith,Receiving Yards,169.5,3100,,DraftKings,LA Rams @ PHI Eagles,34118078
Dontayvion Wicks,Receiving Yards,14.5,-579,,DraftKings,LA Rams @ PHI Eagles,34118078
Dontayvion Wicks,Receiving Yards,24.5,-254,,DraftKings,LA Rams @ PHI Eagles,34118078
Dontayvion Wicks,Receiving Yards,39.5,-110,,DraftKings,LA Rams @ PHI Eagles,34118078
Dontayvion Wicks,Receiving Yards,49.5,144,,DraftKings,LA Rams @ PHI Eagles,34118078
Dontayvion Wicks,Receiving Yards,59.5,224,,DraftKings,LA Rams @ PHI Eagles,34118078
Dontayvion Wicks,Receiving Yards,69.5,339,,DraftKings,LA Rams @ PHI Eagles,34118078
Dontayvion Wicks,Receiving Yards,79.5,511,,DraftKings,LA Rams @ PHI Eagles,34118078
Dontayvion Wicks,Receiving Yards,89.5,750,,DraftKings,LA Rams @ PHI Eagles,34118078
Dontayvion Wicks,Receiving Yards,99.5,1080,,DraftKings,LA Rams @ PHI Eagles,34118078
Dontayvion Wicks,Receiving Yards,109.5,1560,,DraftKings,LA Rams @ PHI Eagles,34118078
Dontayvion Wicks,Receiving Yards,119.5,2200,,DraftKings,LA Rams @ PHI Eagles,34118078
Dontayvion Wicks,Receiving Yards,129.5,2900,,DraftKings,LA Rams @ PHI Eagles,34118078
Dontayvion Wicks,Receiving Yards,139.5,3900,,DraftKings,LA Rams @ PHI Eagles,34118078
Makai Lemon,Receiving Yards,14.5,-268,,DraftKings,LA Rams @ PHI Eagles,34118078
Makai Lemon,Receiving Yards,24.5,-119,,DraftKings,LA Rams @ PHI Eagles,34118078
Makai Lemon,Receiving Yards,25.5,-110,,DraftKings,LA Rams @ PHI Eagles,34118078
Makai Lemon,Receiving Yards,39.5,215,,DraftKings,LA Rams @ PHI Eagles,34118078
Makai Lemon,Receiving Yards,49.5,354,,DraftKings,LA Rams @ PHI Eagles,34118078
Makai Lemon,Receiving Yards,59.5,586,,DraftKings,LA Rams @ PHI Eagles,34118078
Makai Lemon,Receiving Yards,69.5,920,,DraftKings,LA Rams @ PHI Eagles,34118078
Makai Lemon,Receiving Yards,79.5,1440,,DraftKings,LA Rams @ PHI Eagles,34118078
Makai Lemon,Receiving Yards,89.5,2200,,DraftKings,LA Rams @ PHI Eagles,34118078
Makai Lemon,Receiving Yards,99.5,3100,,DraftKings,LA Rams @ PHI Eagles,34118078
George Kittle,Receiving Yards,14.5,-2300,,DraftKings,DEN Broncos @ SF 49ers,34118067
George Kittle,Receiving Yards,24.5,-830,,DraftKings,DEN Broncos @ SF 49ers,34118067
George Kittle,Receiving Yards,39.5,-322,,DraftKings,DEN Broncos @ SF 49ers,34118067
George Kittle,Receiving Yards,49.5,-201,,DraftKings,DEN Broncos @ SF 49ers,34118067
George Kittle,Receiving Yards,59.5,-130,,DraftKings,DEN Broncos @ SF 49ers,34118067
George Kittle,Receiving Yards,63.5,-110,,DraftKings,DEN Broncos @ SF 49ers,34118067
George Kittle,Receiving Yards,69.5,114,,DraftKings,DEN Broncos @ SF 49ers,34118067
George Kittle,Receiving Yards,79.5,162,,DraftKings,DEN Broncos @ SF 49ers,34118067
George Kittle,Receiving Yards,89.5,224,,DraftKings,DEN Broncos @ SF 49ers,34118067
George Kittle,Receiving Yards,99.5,314,,DraftKings,DEN Broncos @ SF 49ers,34118067
George Kittle,Receiving Yards,109.5,432,,DraftKings,DEN Broncos @ SF 49ers,34118067
George Kittle,Receiving Yards,119.5,600,,DraftKings,DEN Broncos @ SF 49ers,34118067
George Kittle,Receiving Yards,129.5,830,,DraftKings,DEN Broncos @ SF 49ers,34118067
George Kittle,Receiving Yards,139.5,1140,,DraftKings,DEN Broncos @ SF 49ers,34118067
George Kittle,Receiving Yards,149.5,1540,,DraftKings,DEN Broncos @ SF 49ers,34118067
George Kittle,Receiving Yards,159.5,2000,,DraftKings,DEN Broncos @ SF 49ers,34118067
George Kittle,Receiving Yards,169.5,2600,,DraftKings,DEN Broncos @ SF 49ers,34118067
George Kittle,Receiving Yards,179.5,3300,,DraftKings,DEN Broncos @ SF 49ers,34118067
Jaylen Waddle,Receiving Yards,14.5,-2000,,DraftKings,DEN Broncos @ SF 49ers,34118067
Jaylen Waddle,Receiving Yards,24.5,-720,,DraftKings,DEN Broncos @ SF 49ers,34118067
Jaylen Waddle,Receiving Yards,39.5,-249,,DraftKings,DEN Broncos @ SF 49ers,34118067
Jaylen Waddle,Receiving Yards,49.5,-145,,DraftKings,DEN Broncos @ SF 49ers,34118067
Jaylen Waddle,Receiving Yards,54.5,-113,,DraftKings,DEN Broncos @ SF 49ers,34118067
Jaylen Waddle,Receiving Yards,59.5,112,,DraftKings,DEN Broncos @ SF 49ers,34118067
Jaylen Waddle,Receiving Yards,69.5,174,,DraftKings,DEN Broncos @ SF 49ers,34118067
Jaylen Waddle,Receiving Yards,79.5,268,,DraftKings,DEN Broncos @ SF 49ers,34118067
Jaylen Waddle,Receiving Yards,89.5,406,,DraftKings,DEN Broncos @ SF 49ers,34118067
Jaylen Waddle,Receiving Yards,99.5,600,,DraftKings,DEN Broncos @ SF 49ers,34118067
Jaylen Waddle,Receiving Yards,109.5,900,,DraftKings,DEN Broncos @ SF 49ers,34118067
Jaylen Waddle,Receiving Yards,119.5,1320,,DraftKings,DEN Broncos @ SF 49ers,34118067
Jaylen Waddle,Receiving Yards,129.5,1940,,DraftKings,DEN Broncos @ SF 49ers,34118067
Jaylen Waddle,Receiving Yards,139.5,2700,,DraftKings,DEN Broncos @ SF 49ers,34118067
Jaylen Waddle,Receiving Yards,149.5,3700,,DraftKings,DEN Broncos @ SF 49ers,34118067
Christian McCaffrey,Receiving Yards,14.5,-880,,DraftKings,DEN Broncos @ SF 49ers,34118067
Christian McCaffrey,Receiving Yards,24.5,-334,,DraftKings,DEN Broncos @ SF 49ers,34118067
Christian McCaffrey,Receiving Yards,39.5,-122,,DraftKings,DEN Broncos @ SF 49ers,34118067
Christian McCaffrey,Receiving Yards,40.5,-114,,DraftKings,DEN Broncos @ SF 49ers,34118067
Christian McCaffrey,Receiving Yards,49.5,141,,DraftKings,DEN Broncos @ SF 49ers,34118067
Christian McCaffrey,Receiving Yards,59.5,227,,DraftKings,DEN Broncos @ SF 49ers,34118067
Christian McCaffrey,Receiving Yards,69.5,359,,DraftKings,DEN Broncos @ SF 49ers,34118067
Christian McCaffrey,Receiving Yards,79.5,550,,DraftKings,DEN Broncos @ SF 49ers,34118067
Christian McCaffrey,Receiving Yards,89.5,830,,DraftKings,DEN Broncos @ SF 49ers,34118067
Christian McCaffrey,Receiving Yards,99.5,1260,,DraftKings,DEN Broncos @ SF 49ers,34118067
Christian McCaffrey,Receiving Yards,109.5,1900,,DraftKings,DEN Broncos @ SF 49ers,34118067
Christian McCaffrey,Receiving Yards,119.5,2700,,DraftKings,DEN Broncos @ SF 49ers,34118067
Christian McCaffrey,Receiving Yards,129.5,3800,,DraftKings,DEN Broncos @ SF 49ers,34118067
Courtland Sutton,Receiving Yards,14.5,-610,,DraftKings,DEN Broncos @ SF 49ers,34118067
Courtland Sutton,Receiving Yards,24.5,-254,,DraftKings,DEN Broncos @ SF 49ers,34118067
Courtland Sutton,Receiving Yards,36.5,-115,,DraftKings,DEN Broncos @ SF 49ers,34118067
Courtland Sutton,Receiving Yards,39.5,104,,DraftKings,DEN Broncos @ SF 49ers,34118067
Courtland Sutton,Receiving Yards,49.5,177,,DraftKings,DEN Broncos @ SF 49ers,34118067
Courtland Sutton,Receiving Yards,59.5,292,,DraftKings,DEN Broncos @ SF 49ers,34118067
Courtland Sutton,Receiving Yards,69.5,473,,DraftKings,DEN Broncos @ SF 49ers,34118067
Courtland Sutton,Receiving Yards,79.5,730,,DraftKings,DEN Broncos @ SF 49ers,34118067
Courtland Sutton,Receiving Yards,89.5,1100,,DraftKings,DEN Broncos @ SF 49ers,34118067
Courtland Sutton,Receiving Yards,99.5,1680,,DraftKings,DEN Broncos @ SF 49ers,34118067
Courtland Sutton,Receiving Yards,109.5,2500,,DraftKings,DEN Broncos @ SF 49ers,34118067
Courtland Sutton,Receiving Yards,119.5,3600,,DraftKings,DEN Broncos @ SF 49ers,34118067
Pat Bryant,Receiving Yards,14.5,-219,,DraftKings,DEN Broncos @ SF 49ers,34118067
Pat Bryant,Receiving Yards,22.5,-114,,DraftKings,DEN Broncos @ SF 49ers,34118067
Pat Bryant,Receiving Yards,24.5,101,,DraftKings,DEN Broncos @ SF 49ers,34118067
Pat Bryant,Receiving Yards,39.5,272,,DraftKings,DEN Broncos @ SF 49ers,34118067
Pat Bryant,Receiving Yards,49.5,492,,DraftKings,DEN Broncos @ SF 49ers,34118067
Pat Bryant,Receiving Yards,59.5,840,,DraftKings,DEN Broncos @ SF 49ers,34118067
Pat Bryant,Receiving Yards,69.5,1380,,DraftKings,DEN Broncos @ SF 49ers,34118067
Pat Bryant,Receiving Yards,79.5,2200,,DraftKings,DEN Broncos @ SF 49ers,34118067
Pat Bryant,Receiving Yards,89.5,3300,,DraftKings,DEN Broncos @ SF 49ers,34118067
RJ Harvey,Receiving Yards,14.5,-258,,DraftKings,DEN Broncos @ SF 49ers,34118067
RJ Harvey,Receiving Yards,23.5,-112,,DraftKings,DEN Broncos @ SF 49ers,34118067
RJ Harvey,Receiving Yards,24.5,-103,,DraftKings,DEN Broncos @ SF 49ers,34118067
RJ Harvey,Receiving Yards,39.5,280,,DraftKings,DEN Broncos @ SF 49ers,34118067
RJ Harvey,Receiving Yards,49.5,530,,DraftKings,DEN Broncos @ SF 49ers,34118067
RJ Harvey,Receiving Yards,59.5,950,,DraftKings,DEN Broncos @ SF 49ers,34118067
RJ Harvey,Receiving Yards,69.5,1560,,DraftKings,DEN Broncos @ SF 49ers,34118067
RJ Harvey,Receiving Yards,79.5,2500,,DraftKings,DEN Broncos @ SF 49ers,34118067
Evan Engram,Receiving Yards,14.5,-154,,DraftKings,DEN Broncos @ SF 49ers,34118067
Evan Engram,Receiving Yards,17.5,-116,,DraftKings,DEN Broncos @ SF 49ers,34118067
Evan Engram,Receiving Yards,24.5,156,,DraftKings,DEN Broncos @ SF 49ers,34118067
Evan Engram,Receiving Yards,39.5,437,,DraftKings,DEN Broncos @ SF 49ers,34118067
Evan Engram,Receiving Yards,49.5,810,,DraftKings,DEN Broncos @ SF 49ers,34118067
Evan Engram,Receiving Yards,59.5,1440,,DraftKings,DEN Broncos @ SF 49ers,34118067
Evan Engram,Receiving Yards,69.5,2300,,DraftKings,DEN Broncos @ SF 49ers,34118067
Evan Engram,Receiving Yards,79.5,3600,,DraftKings,DEN Broncos @ SF 49ers,34118067
Tetairoa McMillan,Receiving Yards,14.5,-1740,,DraftKings,DET Lions @ CAR Panthers,34118032
Tetairoa McMillan,Receiving Yards,24.5,-820,,DraftKings,DET Lions @ CAR Panthers,34118032
Tetairoa McMillan,Receiving Yards,39.5,-364,,DraftKings,DET Lions @ CAR Panthers,34118032
Tetairoa McMillan,Receiving Yards,49.5,-237,,DraftKings,DET Lions @ CAR Panthers,34118032
Tetairoa McMillan,Receiving Yards,59.5,-163,,DraftKings,DET Lions @ CAR Panthers,34118032
Tetairoa McMillan,Receiving Yards,69.5,-115,,DraftKings,DET Lions @ CAR Panthers,34118032
Tetairoa McMillan,Receiving Yards,70.5,-111,,DraftKings,DET Lions @ CAR Panthers,34118032
Tetairoa McMillan,Receiving Yards,79.5,119,,DraftKings,DET Lions @ CAR Panthers,34118032
Tetairoa McMillan,Receiving Yards,89.5,163,,DraftKings,DET Lions @ CAR Panthers,34118032
Tetairoa McMillan,Receiving Yards,99.5,219,,DraftKings,DET Lions @ CAR Panthers,34118032
Tetairoa McMillan,Receiving Yards,109.5,291,,DraftKings,DET Lions @ CAR Panthers,34118032
Tetairoa McMillan,Receiving Yards,119.5,388,,DraftKings,DET Lions @ CAR Panthers,34118032
Tetairoa McMillan,Receiving Yards,129.5,515,,DraftKings,DET Lions @ CAR Panthers,34118032
Tetairoa McMillan,Receiving Yards,139.5,680,,DraftKings,DET Lions @ CAR Panthers,34118032
Tetairoa McMillan,Receiving Yards,149.5,900,,DraftKings,DET Lions @ CAR Panthers,34118032
Tetairoa McMillan,Receiving Yards,159.5,1180,,DraftKings,DET Lions @ CAR Panthers,34118032
Tetairoa McMillan,Receiving Yards,169.5,1520,,DraftKings,DET Lions @ CAR Panthers,34118032
Tetairoa McMillan,Receiving Yards,179.5,1920,,DraftKings,DET Lions @ CAR Panthers,34118032
Tetairoa McMillan,Receiving Yards,189.5,2300,,DraftKings,DET Lions @ CAR Panthers,34118032
Tetairoa McMillan,Receiving Yards,199.5,3000,,DraftKings,DET Lions @ CAR Panthers,34118032
Amon-Ra St. Brown,Receiving Yards,24.5,-1820,,DraftKings,DET Lions @ CAR Panthers,34118032
Amon-Ra St. Brown,Receiving Yards,39.5,-620,,DraftKings,DET Lions @ CAR Panthers,34118032
Amon-Ra St. Brown,Receiving Yards,49.5,-364,,DraftKings,DET Lions @ CAR Panthers,34118032
Amon-Ra St. Brown,Receiving Yards,59.5,-225,,DraftKings,DET Lions @ CAR Panthers,34118032
Amon-Ra St. Brown,Receiving Yards,69.5,-150,,DraftKings,DET Lions @ CAR Panthers,34118032
Amon-Ra St. Brown,Receiving Yards,77.5,-111,,DraftKings,DET Lions @ CAR Panthers,34118032
Amon-Ra St. Brown,Receiving Yards,79.5,-103,,DraftKings,DET Lions @ CAR Panthers,34118032
Amon-Ra St. Brown,Receiving Yards,89.5,141,,DraftKings,DET Lions @ CAR Panthers,34118032
Amon-Ra St. Brown,Receiving Yards,99.5,199,,DraftKings,DET Lions @ CAR Panthers,34118032
Amon-Ra St. Brown,Receiving Yards,109.5,273,,DraftKings,DET Lions @ CAR Panthers,34118032
Amon-Ra St. Brown,Receiving Yards,119.5,378,,DraftKings,DET Lions @ CAR Panthers,34118032
Amon-Ra St. Brown,Receiving Yards,129.5,526,,DraftKings,DET Lions @ CAR Panthers,34118032
Amon-Ra St. Brown,Receiving Yards,139.5,720,,DraftKings,DET Lions @ CAR Panthers,34118032
Amon-Ra St. Brown,Receiving Yards,149.5,990,,DraftKings,DET Lions @ CAR Panthers,34118032
Amon-Ra St. Brown,Receiving Yards,159.5,1380,,DraftKings,DET Lions @ CAR Panthers,34118032
Amon-Ra St. Brown,Receiving Yards,169.5,1880,,DraftKings,DET Lions @ CAR Panthers,34118032
Amon-Ra St. Brown,Receiving Yards,179.5,2500,,DraftKings,DET Lions @ CAR Panthers,34118032
Amon-Ra St. Brown,Receiving Yards,189.5,3300,,DraftKings,DET Lions @ CAR Panthers,34118032
Jameson Williams,Receiving Yards,14.5,-790,,DraftKings,DET Lions @ CAR Panthers,34118032
Jameson Williams,Receiving Yards,24.5,-386,,DraftKings,DET Lions @ CAR Panthers,34118032
Jameson Williams,Receiving Yards,39.5,-173,,DraftKings,DET Lions @ CAR Panthers,34118032
Jameson Williams,Receiving Yards,49.5,-112,,DraftKings,DET Lions @ CAR Panthers,34118032
Jameson Williams,Receiving Yards,59.5,133,,DraftKings,DET Lions @ CAR Panthers,34118032
Jameson Williams,Receiving Yards,69.5,192,,DraftKings,DET Lions @ CAR Panthers,34118032
Jameson Williams,Receiving Yards,79.5,276,,DraftKings,DET Lions @ CAR Panthers,34118032
Jameson Williams,Receiving Yards,89.5,398,,DraftKings,DET Lions @ CAR Panthers,34118032
Jameson Williams,Receiving Yards,99.5,567,,DraftKings,DET Lions @ CAR Panthers,34118032
Jameson Williams,Receiving Yards,109.5,800,,DraftKings,DET Lions @ CAR Panthers,34118032
Jameson Williams,Receiving Yards,119.5,1120,,DraftKings,DET Lions @ CAR Panthers,34118032
Jameson Williams,Receiving Yards,129.5,1520,,DraftKings,DET Lions @ CAR Panthers,34118032
Jameson Williams,Receiving Yards,139.5,2100,,DraftKings,DET Lions @ CAR Panthers,34118032
Jameson Williams,Receiving Yards,149.5,2800,,DraftKings,DET Lions @ CAR Panthers,34118032
Jameson Williams,Receiving Yards,159.5,3600,,DraftKings,DET Lions @ CAR Panthers,34118032
Sam LaPorta,Receiving Yards,14.5,-1480,,DraftKings,DET Lions @ CAR Panthers,34118032
Sam LaPorta,Receiving Yards,24.5,-531,,DraftKings,DET Lions @ CAR Panthers,34118032
Sam LaPorta,Receiving Yards,39.5,-190,,DraftKings,DET Lions @ CAR Panthers,34118032
Sam LaPorta,Receiving Yards,49.5,-111,,DraftKings,DET Lions @ CAR Panthers,34118032
Sam LaPorta,Receiving Yards,59.5,145,,DraftKings,DET Lions @ CAR Panthers,34118032
Sam LaPorta,Receiving Yards,69.5,227,,DraftKings,DET Lions @ CAR Panthers,34118032
Sam LaPorta,Receiving Yards,79.5,354,,DraftKings,DET Lions @ CAR Panthers,34118032
Sam LaPorta,Receiving Yards,89.5,533,,DraftKings,DET Lions @ CAR Panthers,34118032
Sam LaPorta,Receiving Yards,99.5,800,,DraftKings,DET Lions @ CAR Panthers,34118032
Sam LaPorta,Receiving Yards,109.5,1180,,DraftKings,DET Lions @ CAR Panthers,34118032
Sam LaPorta,Receiving Yards,119.5,1700,,DraftKings,DET Lions @ CAR Panthers,34118032
Sam LaPorta,Receiving Yards,129.5,2300,,DraftKings,DET Lions @ CAR Panthers,34118032
Sam LaPorta,Receiving Yards,139.5,3200,,DraftKings,DET Lions @ CAR Panthers,34118032
Jahmyr Gibbs,Receiving Yards,14.5,-710,,DraftKings,DET Lions @ CAR Panthers,34118032
Jahmyr Gibbs,Receiving Yards,24.5,-249,,DraftKings,DET Lions @ CAR Panthers,34118032
Jahmyr Gibbs,Receiving Yards,35.5,-109,,DraftKings,DET Lions @ CAR Panthers,34118032
Jahmyr Gibbs,Receiving Yards,39.5,120,,DraftKings,DET Lions @ CAR Panthers,34118032
Jahmyr Gibbs,Receiving Yards,49.5,220,,DraftKings,DET Lions @ CAR Panthers,34118032
Jahmyr Gibbs,Receiving Yards,59.5,379,,DraftKings,DET Lions @ CAR Panthers,34118032
Jahmyr Gibbs,Receiving Yards,69.5,630,,DraftKings,DET Lions @ CAR Panthers,34118032
Jahmyr Gibbs,Receiving Yards,79.5,1000,,DraftKings,DET Lions @ CAR Panthers,34118032
Jahmyr Gibbs,Receiving Yards,89.5,1620,,DraftKings,DET Lions @ CAR Panthers,34118032
Jahmyr Gibbs,Receiving Yards,99.5,2400,,DraftKings,DET Lions @ CAR Panthers,34118032
Jahmyr Gibbs,Receiving Yards,109.5,3500,,DraftKings,DET Lions @ CAR Panthers,34118032
Isaac TeSlaa,Receiving Yards,14.5,-136,,DraftKings,DET Lions @ CAR Panthers,34118032
Isaac TeSlaa,Receiving Yards,16.5,-115,,DraftKings,DET Lions @ CAR Panthers,34118032
Isaac TeSlaa,Receiving Yards,24.5,156,,DraftKings,DET Lions @ CAR Panthers,34118032
Isaac TeSlaa,Receiving Yards,39.5,394,,DraftKings,DET Lions @ CAR Panthers,34118032
Isaac TeSlaa,Receiving Yards,49.5,680,,DraftKings,DET Lions @ CAR Panthers,34118032
Isaac TeSlaa,Receiving Yards,59.5,1160,,DraftKings,DET Lions @ CAR Panthers,34118032
Isaac TeSlaa,Receiving Yards,69.5,1800,,DraftKings,DET Lions @ CAR Panthers,34118032
Isaac TeSlaa,Receiving Yards,79.5,2700,,DraftKings,DET Lions @ CAR Panthers,34118032
Isaac TeSlaa,Receiving Yards,89.5,3900,,DraftKings,DET Lions @ CAR Panthers,34118032
Chuba Hubbard,Receiving Yards,14.5,-160,,DraftKings,DET Lions @ CAR Panthers,34118032
Chuba Hubbard,Receiving Yards,18.5,-110,,DraftKings,DET Lions @ CAR Panthers,34118032
Chuba Hubbard,Receiving Yards,24.5,147,,DraftKings,DET Lions @ CAR Panthers,34118032
Chuba Hubbard,Receiving Yards,39.5,397,,DraftKings,DET Lions @ CAR Panthers,34118032
Chuba Hubbard,Receiving Yards,49.5,690,,DraftKings,DET Lions @ CAR Panthers,34118032
Chuba Hubbard,Receiving Yards,59.5,1140,,DraftKings,DET Lions @ CAR Panthers,34118032
Chuba Hubbard,Receiving Yards,69.5,1820,,DraftKings,DET Lions @ CAR Panthers,34118032
Chuba Hubbard,Receiving Yards,79.5,2800,,DraftKings,DET Lions @ CAR Panthers,34118032
Chuba Hubbard,Receiving Yards,89.5,4000,,DraftKings,DET Lions @ CAR Panthers,34118032
Harold Fannin Jr.,Receptions,1.5,-3200,,DraftKings,PIT Steelers @ CLE Browns,34118083
Harold Fannin Jr.,Receptions,2.5,-650,,DraftKings,PIT Steelers @ CLE Browns,34118083
Harold Fannin Jr.,Receptions,3.5,-241,,DraftKings,PIT Steelers @ CLE Browns,34118083
Harold Fannin Jr.,Receptions,4.5,-112,,DraftKings,PIT Steelers @ CLE Browns,34118083
Harold Fannin Jr.,Receptions,5.5,179,,DraftKings,PIT Steelers @ CLE Browns,34118083
Harold Fannin Jr.,Receptions,6.5,347,,DraftKings,PIT Steelers @ CLE Browns,34118083
Harold Fannin Jr.,Receptions,7.5,660,,DraftKings,PIT Steelers @ CLE Browns,34118083
Harold Fannin Jr.,Receptions,8.5,1200,,DraftKings,PIT Steelers @ CLE Browns,34118083
Harold Fannin Jr.,Receptions,9.5,2000,,DraftKings,PIT Steelers @ CLE Browns,34118083
KC Concepcion,Receptions,1.5,-1480,,DraftKings,PIT Steelers @ CLE Browns,34118083
KC Concepcion,Receptions,2.5,-399,,DraftKings,PIT Steelers @ CLE Browns,34118083
KC Concepcion,Receptions,3.5,-159,,DraftKings,PIT Steelers @ CLE Browns,34118083
KC Concepcion,Receptions,4.5,140,,DraftKings,PIT Steelers @ CLE Browns,34118083
KC Concepcion,Receptions,5.5,289,,DraftKings,PIT Steelers @ CLE Browns,34118083
KC Concepcion,Receptions,6.5,549,,DraftKings,PIT Steelers @ CLE Browns,34118083
KC Concepcion,Receptions,7.5,1020,,DraftKings,PIT Steelers @ CLE Browns,34118083
KC Concepcion,Receptions,8.5,1780,,DraftKings,PIT Steelers @ CLE Browns,34118083
KC Concepcion,Receptions,9.5,2800,,DraftKings,PIT Steelers @ CLE Browns,34118083
DK Metcalf,Receptions,1.5,-1280,,DraftKings,PIT Steelers @ CLE Browns,34118083
DK Metcalf,Receptions,2.5,-344,,DraftKings,PIT Steelers @ CLE Browns,34118083
DK Metcalf,Receptions,3.5,-134,,DraftKings,PIT Steelers @ CLE Browns,34118083
DK Metcalf,Receptions,4.5,161,,DraftKings,PIT Steelers @ CLE Browns,34118083
DK Metcalf,Receptions,5.5,339,,DraftKings,PIT Steelers @ CLE Browns,34118083
DK Metcalf,Receptions,6.5,690,,DraftKings,PIT Steelers @ CLE Browns,34118083
DK Metcalf,Receptions,7.5,1340,,DraftKings,PIT Steelers @ CLE Browns,34118083
DK Metcalf,Receptions,8.5,2200,,DraftKings,PIT Steelers @ CLE Browns,34118083
Jaylen Warren,Receptions,1.5,-511,,DraftKings,PIT Steelers @ CLE Browns,34118083
Jaylen Warren,Receptions,2.5,-189,,DraftKings,PIT Steelers @ CLE Browns,34118083
Jaylen Warren,Receptions,3.5,117,,DraftKings,PIT Steelers @ CLE Browns,34118083
Jaylen Warren,Receptions,4.5,237,,DraftKings,PIT Steelers @ CLE Browns,34118083
Jaylen Warren,Receptions,5.5,481,,DraftKings,PIT Steelers @ CLE Browns,34118083
Jaylen Warren,Receptions,6.5,930,,DraftKings,PIT Steelers @ CLE Browns,34118083
Jaylen Warren,Receptions,7.5,1660,,DraftKings,PIT Steelers @ CLE Browns,34118083
Jaylen Warren,Receptions,8.5,2700,,DraftKings,PIT Steelers @ CLE Browns,34118083
Pat Freiermuth,Receptions,1.5,-840,,DraftKings,PIT Steelers @ CLE Browns,34118083
Pat Freiermuth,Receptions,2.5,-242,,DraftKings,PIT Steelers @ CLE Browns,34118083
Pat Freiermuth,Receptions,3.5,102,,DraftKings,PIT Steelers @ CLE Browns,34118083
Pat Freiermuth,Receptions,4.5,223,,DraftKings,PIT Steelers @ CLE Browns,34118083
Pat Freiermuth,Receptions,5.5,466,,DraftKings,PIT Steelers @ CLE Browns,34118083
Pat Freiermuth,Receptions,6.5,950,,DraftKings,PIT Steelers @ CLE Browns,34118083
Pat Freiermuth,Receptions,7.5,1800,,DraftKings,PIT Steelers @ CLE Browns,34118083
Pat Freiermuth,Receptions,8.5,2800,,DraftKings,PIT Steelers @ CLE Browns,34118083
Michael Pittman Jr.,Receptions,1.5,-810,,DraftKings,PIT Steelers @ CLE Browns,34118083
Michael Pittman Jr.,Receptions,2.5,-234,,DraftKings,PIT Steelers @ CLE Browns,34118083
Michael Pittman Jr.,Receptions,3.5,107,,DraftKings,PIT Steelers @ CLE Browns,34118083
Michael Pittman Jr.,Receptions,4.5,236,,DraftKings,PIT Steelers @ CLE Browns,34118083
Michael Pittman Jr.,Receptions,5.5,492,,DraftKings,PIT Steelers @ CLE Browns,34118083
Michael Pittman Jr.,Receptions,6.5,1000,,DraftKings,PIT Steelers @ CLE Browns,34118083
Michael Pittman Jr.,Receptions,7.5,1880,,DraftKings,PIT Steelers @ CLE Browns,34118083
Denzel Boston,Receptions,1.5,-509,,DraftKings,PIT Steelers @ CLE Browns,34118083
Denzel Boston,Receptions,2.5,-164,,DraftKings,PIT Steelers @ CLE Browns,34118083
Denzel Boston,Receptions,3.5,148,,DraftKings,PIT Steelers @ CLE Browns,34118083
Denzel Boston,Receptions,4.5,334,,DraftKings,PIT Steelers @ CLE Browns,34118083
Denzel Boston,Receptions,5.5,720,,DraftKings,PIT Steelers @ CLE Browns,34118083
Denzel Boston,Receptions,6.5,1440,,DraftKings,PIT Steelers @ CLE Browns,34118083
Denzel Boston,Receptions,7.5,2500,,DraftKings,PIT Steelers @ CLE Browns,34118083
Roman Wilson,Receptions,1.5,-286,,DraftKings,PIT Steelers @ CLE Browns,34118083
Roman Wilson,Receptions,2.5,106,,DraftKings,PIT Steelers @ CLE Browns,34118083
Roman Wilson,Receptions,3.5,264,,DraftKings,PIT Steelers @ CLE Browns,34118083
Roman Wilson,Receptions,4.5,610,,DraftKings,PIT Steelers @ CLE Browns,34118083
Roman Wilson,Receptions,5.5,1360,,DraftKings,PIT Steelers @ CLE Browns,34118083
Roman Wilson,Receptions,6.5,2400,,DraftKings,PIT Steelers @ CLE Browns,34118083
Raheim Sanders,Receptions,1.5,-190,,DraftKings,PIT Steelers @ CLE Browns,34118083
Raheim Sanders,Receptions,2.5,144,,DraftKings,PIT Steelers @ CLE Browns,34118083
Raheim Sanders,Receptions,3.5,341,,DraftKings,PIT Steelers @ CLE Browns,34118083
Raheim Sanders,Receptions,4.5,740,,DraftKings,PIT Steelers @ CLE Browns,34118083
Raheim Sanders,Receptions,5.5,1480,,DraftKings,PIT Steelers @ CLE Browns,34118083
Raheim Sanders,Receptions,6.5,2500,,DraftKings,PIT Steelers @ CLE Browns,34118083
Quinshon Judkins,Receptions,1.5,-211,,DraftKings,PIT Steelers @ CLE Browns,34118083
Quinshon Judkins,Receptions,2.5,138,,DraftKings,PIT Steelers @ CLE Browns,34118083
Quinshon Judkins,Receptions,3.5,354,,DraftKings,PIT Steelers @ CLE Browns,34118083
Quinshon Judkins,Receptions,4.5,800,,DraftKings,PIT Steelers @ CLE Browns,34118083
Quinshon Judkins,Receptions,5.5,1720,,DraftKings,PIT Steelers @ CLE Browns,34118083
Darnell Washington,Receptions,1.5,-186,,DraftKings,PIT Steelers @ CLE Browns,34118083
Darnell Washington,Receptions,2.5,163,,DraftKings,PIT Steelers @ CLE Browns,34118083
Darnell Washington,Receptions,3.5,418,,DraftKings,PIT Steelers @ CLE Browns,34118083
Darnell Washington,Receptions,4.5,990,,DraftKings,PIT Steelers @ CLE Browns,34118083
Darnell Washington,Receptions,5.5,2100,,DraftKings,PIT Steelers @ CLE Browns,34118083
Jerry Jeudy,Receptions,1.5,111,,DraftKings,PIT Steelers @ CLE Browns,34118083
Jerry Jeudy,Receptions,2.5,346,,DraftKings,PIT Steelers @ CLE Browns,34118083
Jerry Jeudy,Receptions,3.5,970,,DraftKings,PIT Steelers @ CLE Browns,34118083
Jerry Jeudy,Receptions,4.5,2200,,DraftKings,PIT Steelers @ CLE Browns,34118083
Tyler Warren,Receptions,2.5,-1440,,DraftKings,IND Colts @ WAS Commanders,34118061
Tyler Warren,Receptions,3.5,-464,,DraftKings,IND Colts @ WAS Commanders,34118061
Tyler Warren,Receptions,4.5,-201,,DraftKings,IND Colts @ WAS Commanders,34118061
Tyler Warren,Receptions,5.5,100,,DraftKings,IND Colts @ WAS Commanders,34118061
Tyler Warren,Receptions,6.5,188,,DraftKings,IND Colts @ WAS Commanders,34118061
Tyler Warren,Receptions,7.5,348,,DraftKings,IND Colts @ WAS Commanders,34118061
Tyler Warren,Receptions,8.5,630,,DraftKings,IND Colts @ WAS Commanders,34118061
Tyler Warren,Receptions,9.5,1100,,DraftKings,IND Colts @ WAS Commanders,34118061
Tyler Warren,Receptions,10.5,1760,,DraftKings,IND Colts @ WAS Commanders,34118061
Tyler Warren,Receptions,11.5,2600,,DraftKings,IND Colts @ WAS Commanders,34118061
Josh Downs,Receptions,2.5,-1140,,DraftKings,IND Colts @ WAS Commanders,34118061
Josh Downs,Receptions,3.5,-394,,DraftKings,IND Colts @ WAS Commanders,34118061
Josh Downs,Receptions,4.5,-172,,DraftKings,IND Colts @ WAS Commanders,34118061
Josh Downs,Receptions,5.5,117,,DraftKings,IND Colts @ WAS Commanders,34118061
Josh Downs,Receptions,6.5,224,,DraftKings,IND Colts @ WAS Commanders,34118061
Josh Downs,Receptions,7.5,421,,DraftKings,IND Colts @ WAS Commanders,34118061
Josh Downs,Receptions,8.5,780,,DraftKings,IND Colts @ WAS Commanders,34118061
Josh Downs,Receptions,9.5,1400,,DraftKings,IND Colts @ WAS Commanders,34118061
Josh Downs,Receptions,10.5,2200,,DraftKings,IND Colts @ WAS Commanders,34118061
Terry McLaurin,Receptions,1.5,-3000,,DraftKings,IND Colts @ WAS Commanders,34118061
Terry McLaurin,Receptions,2.5,-640,,DraftKings,IND Colts @ WAS Commanders,34118061
Terry McLaurin,Receptions,3.5,-234,,DraftKings,IND Colts @ WAS Commanders,34118061
Terry McLaurin,Receptions,4.5,-109,,DraftKings,IND Colts @ WAS Commanders,34118061
Terry McLaurin,Receptions,5.5,182,,DraftKings,IND Colts @ WAS Commanders,34118061
Terry McLaurin,Receptions,6.5,353,,DraftKings,IND Colts @ WAS Commanders,34118061
Terry McLaurin,Receptions,7.5,650,,DraftKings,IND Colts @ WAS Commanders,34118061
Terry McLaurin,Receptions,8.5,1220,,DraftKings,IND Colts @ WAS Commanders,34118061
Terry McLaurin,Receptions,9.5,2000,,DraftKings,IND Colts @ WAS Commanders,34118061
Keenan Allen,Receptions,1.5,-940,,DraftKings,IND Colts @ WAS Commanders,34118061
Keenan Allen,Receptions,2.5,-273,,DraftKings,IND Colts @ WAS Commanders,34118061
Keenan Allen,Receptions,3.5,-111,,DraftKings,IND Colts @ WAS Commanders,34118061
Keenan Allen,Receptions,4.5,200,,DraftKings,IND Colts @ WAS Commanders,34118061
Keenan Allen,Receptions,5.5,425,,DraftKings,IND Colts @ WAS Commanders,34118061
Keenan Allen,Receptions,6.5,880,,DraftKings,IND Colts @ WAS Commanders,34118061
Keenan Allen,Receptions,7.5,1680,,DraftKings,IND Colts @ WAS Commanders,34118061
Keenan Allen,Receptions,8.5,2700,,DraftKings,IND Colts @ WAS Commanders,34118061
Jonathan Taylor,Receptions,1.5,-424,,DraftKings,IND Colts @ WAS Commanders,34118061
Jonathan Taylor,Receptions,2.5,-138,,DraftKings,IND Colts @ WAS Commanders,34118061
Jonathan Taylor,Receptions,3.5,181,,DraftKings,IND Colts @ WAS Commanders,34118061
Jonathan Taylor,Receptions,4.5,406,,DraftKings,IND Colts @ WAS Commanders,34118061
Jonathan Taylor,Receptions,5.5,880,,DraftKings,IND Colts @ WAS Commanders,34118061
Jonathan Taylor,Receptions,6.5,1700,,DraftKings,IND Colts @ WAS Commanders,34118061
Jonathan Taylor,Receptions,7.5,2700,,DraftKings,IND Colts @ WAS Commanders,34118061
Dalton Kincaid,Receptions,1.5,-3100,,DraftKings,NE Patriots @ BUF Bills,34118207
Dalton Kincaid,Receptions,2.5,-680,,DraftKings,NE Patriots @ BUF Bills,34118207
Dalton Kincaid,Receptions,3.5,-249,,DraftKings,NE Patriots @ BUF Bills,34118207
Dalton Kincaid,Receptions,4.5,-112,,DraftKings,NE Patriots @ BUF Bills,34118207
Dalton Kincaid,Receptions,5.5,180,,DraftKings,NE Patriots @ BUF Bills,34118207
Dalton Kincaid,Receptions,6.5,352,,DraftKings,NE Patriots @ BUF Bills,34118207
Dalton Kincaid,Receptions,7.5,680,,DraftKings,NE Patriots @ BUF Bills,34118207
Dalton Kincaid,Receptions,8.5,1260,,DraftKings,NE Patriots @ BUF Bills,34118207
Dalton Kincaid,Receptions,9.5,2100,,DraftKings,NE Patriots @ BUF Bills,34118207
Khalil Shakir,Receptions,1.5,-1120,,DraftKings,NE Patriots @ BUF Bills,34118207
Khalil Shakir,Receptions,2.5,-320,,DraftKings,NE Patriots @ BUF Bills,34118207
Khalil Shakir,Receptions,3.5,-127,,DraftKings,NE Patriots @ BUF Bills,34118207
Khalil Shakir,Receptions,4.5,173,,DraftKings,NE Patriots @ BUF Bills,34118207
Khalil Shakir,Receptions,5.5,363,,DraftKings,NE Patriots @ BUF Bills,34118207
Khalil Shakir,Receptions,6.5,720,,DraftKings,NE Patriots @ BUF Bills,34118207
Khalil Shakir,Receptions,7.5,1360,,DraftKings,NE Patriots @ BUF Bills,34118207
Khalil Shakir,Receptions,8.5,2200,,DraftKings,NE Patriots @ BUF Bills,34118207
D.J. Moore,Receptions,1.5,-1120,,DraftKings,NE Patriots @ BUF Bills,34118207
D.J. Moore,Receptions,2.5,-311,,DraftKings,NE Patriots @ BUF Bills,34118207
D.J. Moore,Receptions,3.5,-124,,DraftKings,NE Patriots @ BUF Bills,34118207
D.J. Moore,Receptions,4.5,183,,DraftKings,NE Patriots @ BUF Bills,34118207
D.J. Moore,Receptions,5.5,384,,DraftKings,NE Patriots @ BUF Bills,34118207
D.J. Moore,Receptions,6.5,770,,DraftKings,NE Patriots @ BUF Bills,34118207
D.J. Moore,Receptions,7.5,1480,,DraftKings,NE Patriots @ BUF Bills,34118207
D.J. Moore,Receptions,8.5,2500,,DraftKings,NE Patriots @ BUF Bills,34118207
Ty Johnson,Receptions,1.5,-146,,DraftKings,NE Patriots @ BUF Bills,34118207
Ty Johnson,Receptions,2.5,212,,DraftKings,NE Patriots @ BUF Bills,34118207
Ty Johnson,Receptions,3.5,557,,DraftKings,NE Patriots @ BUF Bills,34118207
Ty Johnson,Receptions,4.5,1300,,DraftKings,NE Patriots @ BUF Bills,34118207
Ty Johnson,Receptions,5.5,2600,,DraftKings,NE Patriots @ BUF Bills,34118207
James Cook,Receptions,1.5,-104,,DraftKings,NE Patriots @ BUF Bills,34118207
James Cook,Receptions,2.5,301,,DraftKings,NE Patriots @ BUF Bills,34118207
James Cook,Receptions,3.5,800,,DraftKings,NE Patriots @ BUF Bills,34118207
James Cook,Receptions,4.5,1860,,DraftKings,NE Patriots @ BUF Bills,34118207
Keon Coleman,Receptions,1.5,-103,,DraftKings,NE Patriots @ BUF Bills,34118207
Keon Coleman,Receptions,2.5,311,,DraftKings,NE Patriots @ BUF Bills,34118207
Keon Coleman,Receptions,3.5,860,,DraftKings,NE Patriots @ BUF Bills,34118207
Keon Coleman,Receptions,4.5,1980,,DraftKings,NE Patriots @ BUF Bills,34118207
Ja'Marr Chase,Receptions,3.5,-1600,,DraftKings,JAX Jaguars @ CIN Bengals,34118124
Ja'Marr Chase,Receptions,4.5,-555,,DraftKings,JAX Jaguars @ CIN Bengals,34118124
Ja'Marr Chase,Receptions,5.5,-257,,DraftKings,JAX Jaguars @ CIN Bengals,34118124
Ja'Marr Chase,Receptions,6.5,-132,,DraftKings,JAX Jaguars @ CIN Bengals,34118124
Ja'Marr Chase,Receptions,7.5,138,,DraftKings,JAX Jaguars @ CIN Bengals,34118124
Ja'Marr Chase,Receptions,8.5,251,,DraftKings,JAX Jaguars @ CIN Bengals,34118124
Ja'Marr Chase,Receptions,9.5,453,,DraftKings,JAX Jaguars @ CIN Bengals,34118124
Ja'Marr Chase,Receptions,10.5,770,,DraftKings,JAX Jaguars @ CIN Bengals,34118124
Ja'Marr Chase,Receptions,11.5,1280,,DraftKings,JAX Jaguars @ CIN Bengals,34118124
Ja'Marr Chase,Receptions,12.5,2000,,DraftKings,JAX Jaguars @ CIN Bengals,34118124
Ja'Marr Chase,Receptions,13.5,2900,,DraftKings,JAX Jaguars @ CIN Bengals,34118124
Parker Washington,Receptions,2.5,-1520,,DraftKings,JAX Jaguars @ CIN Bengals,34118124
Parker Washington,Receptions,3.5,-477,,DraftKings,JAX Jaguars @ CIN Bengals,34118124
Parker Washington,Receptions,4.5,-202,,DraftKings,JAX Jaguars @ CIN Bengals,34118124
Parker Washington,Receptions,5.5,102,,DraftKings,JAX Jaguars @ CIN Bengals,34118124
Parker Washington,Receptions,6.5,199,,DraftKings,JAX Jaguars @ CIN Bengals,34118124
Parker Washington,Receptions,7.5,376,,DraftKings,JAX Jaguars @ CIN Bengals,34118124
Parker Washington,Receptions,8.5,690,,DraftKings,JAX Jaguars @ CIN Bengals,34118124
Parker Washington,Receptions,9.5,1220,,DraftKings,JAX Jaguars @ CIN Bengals,34118124
Parker Washington,Receptions,10.5,2000,,DraftKings,JAX Jaguars @ CIN Bengals,34118124
Tee Higgins,Receptions,1.5,-2800,,DraftKings,JAX Jaguars @ CIN Bengals,34118124
Tee Higgins,Receptions,2.5,-610,,DraftKings,JAX Jaguars @ CIN Bengals,34118124
Tee Higgins,Receptions,3.5,-222,,DraftKings,JAX Jaguars @ CIN Bengals,34118124
Tee Higgins,Receptions,4.5,101,,DraftKings,JAX Jaguars @ CIN Bengals,34118124
Tee Higgins,Receptions,5.5,210,,DraftKings,JAX Jaguars @ CIN Bengals,34118124
Tee Higgins,Receptions,6.5,419,,DraftKings,JAX Jaguars @ CIN Bengals,34118124
Tee Higgins,Receptions,7.5,810,,DraftKings,JAX Jaguars @ CIN Bengals,34118124
Tee Higgins,Receptions,8.5,1520,,DraftKings,JAX Jaguars @ CIN Bengals,34118124
Tee Higgins,Receptions,9.5,2500,,DraftKings,JAX Jaguars @ CIN Bengals,34118124
Jakobi Meyers,Receptions,1.5,-1460,,DraftKings,JAX Jaguars @ CIN Bengals,34118124
Jakobi Meyers,Receptions,2.5,-383,,DraftKings,JAX Jaguars @ CIN Bengals,34118124
Jakobi Meyers,Receptions,3.5,-149,,DraftKings,JAX Jaguars @ CIN Bengals,34118124
Jakobi Meyers,Receptions,4.5,146,,DraftKings,JAX Jaguars @ CIN Bengals,34118124
Jakobi Meyers,Receptions,5.5,301,,DraftKings,JAX Jaguars @ CIN Bengals,34118124
Jakobi Meyers,Receptions,6.5,600,,DraftKings,JAX Jaguars @ CIN Bengals,34118124
Jakobi Meyers,Receptions,7.5,1160,,DraftKings,JAX Jaguars @ CIN Bengals,34118124
Jakobi Meyers,Receptions,8.5,2100,,DraftKings,JAX Jaguars @ CIN Bengals,34118124
DeVonta Smith,Receptions,2.5,-2100,,DraftKings,LA Rams @ PHI Eagles,34118078
DeVonta Smith,Receptions,3.5,-630,,DraftKings,LA Rams @ PHI Eagles,34118078
DeVonta Smith,Receptions,4.5,-264,,DraftKings,LA Rams @ PHI Eagles,34118078
DeVonta Smith,Receptions,5.5,-133,,DraftKings,LA Rams @ PHI Eagles,34118078
DeVonta Smith,Receptions,6.5,140,,DraftKings,LA Rams @ PHI Eagles,34118078
DeVonta Smith,Receptions,7.5,246,,DraftKings,LA Rams @ PHI Eagles,34118078
DeVonta Smith,Receptions,8.5,433,,DraftKings,LA Rams @ PHI Eagles,34118078
DeVonta Smith,Receptions,9.5,730,,DraftKings,LA Rams @ PHI Eagles,34118078
DeVonta Smith,Receptions,10.5,1220,,DraftKings,LA Rams @ PHI Eagles,34118078
DeVonta Smith,Receptions,11.5,1960,,DraftKings,LA Rams @ PHI Eagles,34118078
DeVonta Smith,Receptions,12.5,2900,,DraftKings,LA Rams @ PHI Eagles,34118078
Davante Adams,Receptions,2.5,-1000,,DraftKings,LA Rams @ PHI Eagles,34118078
Davante Adams,Receptions,3.5,-343,,DraftKings,LA Rams @ PHI Eagles,34118078
Davante Adams,Receptions,4.5,-159,,DraftKings,LA Rams @ PHI Eagles,34118078
Davante Adams,Receptions,5.5,123,,DraftKings,LA Rams @ PHI Eagles,34118078
Davante Adams,Receptions,6.5,220,,DraftKings,LA Rams @ PHI Eagles,34118078
Davante Adams,Receptions,7.5,379,,DraftKings,LA Rams @ PHI Eagles,34118078
Davante Adams,Receptions,8.5,650,,DraftKings,LA Rams @ PHI Eagles,34118078
Davante Adams,Receptions,9.5,1060,,DraftKings,LA Rams @ PHI Eagles,34118078
Davante Adams,Receptions,10.5,1700,,DraftKings,LA Rams @ PHI Eagles,34118078
Davante Adams,Receptions,11.5,2400,,DraftKings,LA Rams @ PHI Eagles,34118078
Dontayvion Wicks,Receptions,1.5,-549,,DraftKings,LA Rams @ PHI Eagles,34118078
Dontayvion Wicks,Receptions,2.5,-175,,DraftKings,LA Rams @ PHI Eagles,34118078
Dontayvion Wicks,Receptions,3.5,139,,DraftKings,LA Rams @ PHI Eagles,34118078
Dontayvion Wicks,Receptions,4.5,311,,DraftKings,LA Rams @ PHI Eagles,34118078
Dontayvion Wicks,Receptions,5.5,670,,DraftKings,LA Rams @ PHI Eagles,34118078
Dontayvion Wicks,Receptions,6.5,1340,,DraftKings,LA Rams @ PHI Eagles,34118078
Dontayvion Wicks,Receptions,7.5,2400,,DraftKings,LA Rams @ PHI Eagles,34118078
Makai Lemon,Receptions,1.5,-443,,DraftKings,LA Rams @ PHI Eagles,34118078
Makai Lemon,Receptions,2.5,-146,,DraftKings,LA Rams @ PHI Eagles,34118078
Makai Lemon,Receptions,3.5,167,,DraftKings,LA Rams @ PHI Eagles,34118078
Makai Lemon,Receptions,4.5,375,,DraftKings,LA Rams @ PHI Eagles,34118078
Makai Lemon,Receptions,5.5,780,,DraftKings,LA Rams @ PHI Eagles,34118078
Makai Lemon,Receptions,6.5,1500,,DraftKings,LA Rams @ PHI Eagles,34118078
Makai Lemon,Receptions,7.5,2500,,DraftKings,LA Rams @ PHI Eagles,34118078
Christian McCaffrey,Receptions,2.5,-780,,DraftKings,DEN Broncos @ SF 49ers,34118067
Christian McCaffrey,Receptions,3.5,-279,,DraftKings,DEN Broncos @ SF 49ers,34118067
Christian McCaffrey,Receptions,4.5,-127,,DraftKings,DEN Broncos @ SF 49ers,34118067
Christian McCaffrey,Receptions,5.5,161,,DraftKings,DEN Broncos @ SF 49ers,34118067
Christian McCaffrey,Receptions,6.5,315,,DraftKings,DEN Broncos @ SF 49ers,34118067
Christian McCaffrey,Receptions,7.5,600,,DraftKings,DEN Broncos @ SF 49ers,34118067
Christian McCaffrey,Receptions,8.5,1080,,DraftKings,DEN Broncos @ SF 49ers,34118067
Christian McCaffrey,Receptions,9.5,1840,,DraftKings,DEN Broncos @ SF 49ers,34118067
Christian McCaffrey,Receptions,10.5,2900,,DraftKings,DEN Broncos @ SF 49ers,34118067
Jaylen Waddle,Receptions,1.5,-2600,,DraftKings,DEN Broncos @ SF 49ers,34118067
Jaylen Waddle,Receptions,2.5,-566,,DraftKings,DEN Broncos @ SF 49ers,34118067
Jaylen Waddle,Receptions,3.5,-214,,DraftKings,DEN Broncos @ SF 49ers,34118067
Jaylen Waddle,Receptions,4.5,104,,DraftKings,DEN Broncos @ SF 49ers,34118067
Jaylen Waddle,Receptions,5.5,212,,DraftKings,DEN Broncos @ SF 49ers,34118067
Jaylen Waddle,Receptions,6.5,417,,DraftKings,DEN Broncos @ SF 49ers,34118067
Jaylen Waddle,Receptions,7.5,800,,DraftKings,DEN Broncos @ SF 49ers,34118067
Jaylen Waddle,Receptions,8.5,1460,,DraftKings,DEN Broncos @ SF 49ers,34118067
Jaylen Waddle,Receptions,9.5,2500,,DraftKings,DEN Broncos @ SF 49ers,34118067
RJ Harvey,Receptions,1.5,-870,,DraftKings,DEN Broncos @ SF 49ers,34118067
RJ Harvey,Receptions,2.5,-251,,DraftKings,DEN Broncos @ SF 49ers,34118067
RJ Harvey,Receptions,3.5,-101,,DraftKings,DEN Broncos @ SF 49ers,34118067
RJ Harvey,Receptions,4.5,215,,DraftKings,DEN Broncos @ SF 49ers,34118067
RJ Harvey,Receptions,5.5,442,,DraftKings,DEN Broncos @ SF 49ers,34118067
RJ Harvey,Receptions,6.5,900,,DraftKings,DEN Broncos @ SF 49ers,34118067
RJ Harvey,Receptions,7.5,1740,,DraftKings,DEN Broncos @ SF 49ers,34118067
Courtland Sutton,Receptions,1.5,-790,,DraftKings,DEN Broncos @ SF 49ers,34118067
Courtland Sutton,Receptions,2.5,-237,,DraftKings,DEN Broncos @ SF 49ers,34118067
Courtland Sutton,Receptions,3.5,107,,DraftKings,DEN Broncos @ SF 49ers,34118067
Courtland Sutton,Receptions,4.5,242,,DraftKings,DEN Broncos @ SF 49ers,34118067
Courtland Sutton,Receptions,5.5,497,,DraftKings,DEN Broncos @ SF 49ers,34118067
Courtland Sutton,Receptions,6.5,1020,,DraftKings,DEN Broncos @ SF 49ers,34118067
Courtland Sutton,Receptions,7.5,1880,,DraftKings,DEN Broncos @ SF 49ers,34118067
Evan Engram,Receptions,1.5,-313,,DraftKings,DEN Broncos @ SF 49ers,34118067
Evan Engram,Receptions,2.5,-104,,DraftKings,DEN Broncos @ SF 49ers,34118067
Evan Engram,Receptions,3.5,249,,DraftKings,DEN Broncos @ SF 49ers,34118067
Evan Engram,Receptions,4.5,572,,DraftKings,DEN Broncos @ SF 49ers,34118067
Evan Engram,Receptions,5.5,1280,,DraftKings,DEN Broncos @ SF 49ers,34118067
Evan Engram,Receptions,6.5,2300,,DraftKings,DEN Broncos @ SF 49ers,34118067
Pat Bryant,Receptions,1.5,-258,,DraftKings,DEN Broncos @ SF 49ers,34118067
Pat Bryant,Receptions,2.5,117,,DraftKings,DEN Broncos @ SF 49ers,34118067
Pat Bryant,Receptions,3.5,293,,DraftKings,DEN Broncos @ SF 49ers,34118067
Pat Bryant,Receptions,4.5,690,,DraftKings,DEN Broncos @ SF 49ers,34118067
Pat Bryant,Receptions,5.5,1560,,DraftKings,DEN Broncos @ SF 49ers,34118067
Pat Bryant,Receptions,6.5,2800,,DraftKings,DEN Broncos @ SF 49ers,34118067
Amon-Ra St. Brown,Receptions,3.5,-1880,,DraftKings,DET Lions @ CAR Panthers,34118032
Amon-Ra St. Brown,Receptions,4.5,-650,,DraftKings,DET Lions @ CAR Panthers,34118032
Amon-Ra St. Brown,Receptions,5.5,-291,,DraftKings,DET Lions @ CAR Panthers,34118032
Amon-Ra St. Brown,Receptions,6.5,-151,,DraftKings,DET Lions @ CAR Panthers,34118032
Amon-Ra St. Brown,Receptions,7.5,120,,DraftKings,DET Lions @ CAR Panthers,34118032
Amon-Ra St. Brown,Receptions,8.5,208,,DraftKings,DET Lions @ CAR Panthers,34118032
Amon-Ra St. Brown,Receptions,9.5,355,,DraftKings,DET Lions @ CAR Panthers,34118032
Amon-Ra St. Brown,Receptions,10.5,610,,DraftKings,DET Lions @ CAR Panthers,34118032
Amon-Ra St. Brown,Receptions,11.5,1020,,DraftKings,DET Lions @ CAR Panthers,34118032
Amon-Ra St. Brown,Receptions,12.5,1660,,DraftKings,DET Lions @ CAR Panthers,34118032
Amon-Ra St. Brown,Receptions,13.5,2500,,DraftKings,DET Lions @ CAR Panthers,34118032
Tetairoa McMillan,Receptions,2.5,-930,,DraftKings,DET Lions @ CAR Panthers,34118032
Tetairoa McMillan,Receptions,3.5,-342,,DraftKings,DET Lions @ CAR Panthers,34118032
Tetairoa McMillan,Receptions,4.5,-162,,DraftKings,DET Lions @ CAR Panthers,34118032
Tetairoa McMillan,Receptions,5.5,118,,DraftKings,DET Lions @ CAR Panthers,34118032
Tetairoa McMillan,Receptions,6.5,217,,DraftKings,DET Lions @ CAR Panthers,34118032
Tetairoa McMillan,Receptions,7.5,387,,DraftKings,DET Lions @ CAR Panthers,34118032
Tetairoa McMillan,Receptions,8.5,690,,DraftKings,DET Lions @ CAR Panthers,34118032
Tetairoa McMillan,Receptions,9.5,1160,,DraftKings,DET Lions @ CAR Panthers,34118032
Tetairoa McMillan,Receptions,10.5,1880,,DraftKings,DET Lions @ CAR Panthers,34118032
Tetairoa McMillan,Receptions,11.5,2800,,DraftKings,DET Lions @ CAR Panthers,34118032
Jahmyr Gibbs,Receptions,1.5,-3900,,DraftKings,DET Lions @ CAR Panthers,34118032
Jahmyr Gibbs,Receptions,2.5,-780,,DraftKings,DET Lions @ CAR Panthers,34118032
Jahmyr Gibbs,Receptions,3.5,-278,,DraftKings,DET Lions @ CAR Panthers,34118032
Jahmyr Gibbs,Receptions,4.5,-125,,DraftKings,DET Lions @ CAR Panthers,34118032
Jahmyr Gibbs,Receptions,5.5,162,,DraftKings,DET Lions @ CAR Panthers,34118032
Jahmyr Gibbs,Receptions,6.5,313,,DraftKings,DET Lions @ CAR Panthers,34118032
Jahmyr Gibbs,Receptions,7.5,590,,DraftKings,DET Lions @ CAR Panthers,34118032
Jahmyr Gibbs,Receptions,8.5,1080,,DraftKings,DET Lions @ CAR Panthers,34118032
Jahmyr Gibbs,Receptions,9.5,1820,,DraftKings,DET Lions @ CAR Panthers,34118032
Jahmyr Gibbs,Receptions,10.5,2700,,DraftKings,DET Lions @ CAR Panthers,34118032
Sam LaPorta,Receptions,1.5,-3400,,DraftKings,DET Lions @ CAR Panthers,34118032
Sam LaPorta,Receptions,2.5,-670,,DraftKings,DET Lions @ CAR Panthers,34118032
Sam LaPorta,Receptions,3.5,-244,,DraftKings,DET Lions @ CAR Panthers,34118032
Sam LaPorta,Receptions,4.5,-110,,DraftKings,DET Lions @ CAR Panthers,34118032
Sam LaPorta,Receptions,5.5,186,,DraftKings,DET Lions @ CAR Panthers,34118032
Sam LaPorta,Receptions,6.5,369,,DraftKings,DET Lions @ CAR Panthers,34118032
Sam LaPorta,Receptions,7.5,710,,DraftKings,DET Lions @ CAR Panthers,34118032
Sam LaPorta,Receptions,8.5,1300,,DraftKings,DET Lions @ CAR Panthers,34118032
Sam LaPorta,Receptions,9.5,2100,,DraftKings,DET Lions @ CAR Panthers,34118032
Jameson Williams,Receptions,1.5,-890,,DraftKings,DET Lions @ CAR Panthers,34118032
Jameson Williams,Receptions,2.5,-259,,DraftKings,DET Lions @ CAR Panthers,34118032
Jameson Williams,Receptions,3.5,-104,,DraftKings,DET Lions @ CAR Panthers,34118032
Jameson Williams,Receptions,4.5,209,,DraftKings,DET Lions @ CAR Panthers,34118032
Jameson Williams,Receptions,5.5,442,,DraftKings,DET Lions @ CAR Panthers,34118032
Jameson Williams,Receptions,6.5,900,,DraftKings,DET Lions @ CAR Panthers,34118032
Jameson Williams,Receptions,7.5,1720,,DraftKings,DET Lions @ CAR Panthers,34118032
Jameson Williams,Receptions,8.5,2800,,DraftKings,DET Lions @ CAR Panthers,34118032
Chuba Hubbard,Receptions,1.5,-417,,DraftKings,DET Lions @ CAR Panthers,34118032
Chuba Hubbard,Receptions,2.5,-135,,DraftKings,DET Lions @ CAR Panthers,34118032
Chuba Hubbard,Receptions,3.5,182,,DraftKings,DET Lions @ CAR Panthers,34118032
Chuba Hubbard,Receptions,4.5,416,,DraftKings,DET Lions @ CAR Panthers,34118032
Chuba Hubbard,Receptions,5.5,880,,DraftKings,DET Lions @ CAR Panthers,34118032
Chuba Hubbard,Receptions,6.5,1760,,DraftKings,DET Lions @ CAR Panthers,34118032
Chuba Hubbard,Receptions,7.5,2900,,DraftKings,DET Lions @ CAR Panthers,34118032
Isaac TeSlaa,Receptions,1.5,-112,,DraftKings,DET Lions @ CAR Panthers,34118032
Isaac TeSlaa,Receptions,2.5,274,,DraftKings,DET Lions @ CAR Panthers,34118032
Isaac TeSlaa,Receptions,3.5,770,,DraftKings,DET Lions @ CAR Panthers,34118032
Isaac TeSlaa,Receptions,4.5,1840,,DraftKings,DET Lions @ CAR Panthers,34118032
Jaylen Warren,Rushing Yards,24.5,-1900,,DraftKings,PIT Steelers @ CLE Browns,34118083
Jaylen Warren,Rushing Yards,29.5,-1080,,DraftKings,PIT Steelers @ CLE Browns,34118083
Jaylen Warren,Rushing Yards,39.5,-465,,DraftKings,PIT Steelers @ CLE Browns,34118083
Jaylen Warren,Rushing Yards,49.5,-245,,DraftKings,PIT Steelers @ CLE Browns,34118083
Jaylen Warren,Rushing Yards,59.5,-146,,DraftKings,PIT Steelers @ CLE Browns,34118083
Jaylen Warren,Rushing Yards,65.5,-110,,DraftKings,PIT Steelers @ CLE Browns,34118083
Jaylen Warren,Rushing Yards,69.5,108,,DraftKings,PIT Steelers @ CLE Browns,34118083
Jaylen Warren,Rushing Yards,79.5,164,,DraftKings,PIT Steelers @ CLE Browns,34118083
Jaylen Warren,Rushing Yards,89.5,242,,DraftKings,PIT Steelers @ CLE Browns,34118083
Jaylen Warren,Rushing Yards,99.5,354,,DraftKings,PIT Steelers @ CLE Browns,34118083
Jaylen Warren,Rushing Yards,109.5,525,,DraftKings,PIT Steelers @ CLE Browns,34118083
Jaylen Warren,Rushing Yards,119.5,740,,DraftKings,PIT Steelers @ CLE Browns,34118083
Jaylen Warren,Rushing Yards,129.5,1040,,DraftKings,PIT Steelers @ CLE Browns,34118083
Jaylen Warren,Rushing Yards,139.5,1480,,DraftKings,PIT Steelers @ CLE Browns,34118083
Jaylen Warren,Rushing Yards,149.5,2100,,DraftKings,PIT Steelers @ CLE Browns,34118083
Jaylen Warren,Rushing Yards,159.5,2800,,DraftKings,PIT Steelers @ CLE Browns,34118083
Jaylen Warren,Rushing Yards,169.5,3800,,DraftKings,PIT Steelers @ CLE Browns,34118083
Quinshon Judkins,Rushing Yards,19.5,-2200,,DraftKings,PIT Steelers @ CLE Browns,34118083
Quinshon Judkins,Rushing Yards,24.5,-1140,,DraftKings,PIT Steelers @ CLE Browns,34118083
Quinshon Judkins,Rushing Yards,29.5,-700,,DraftKings,PIT Steelers @ CLE Browns,34118083
Quinshon Judkins,Rushing Yards,39.5,-315,,DraftKings,PIT Steelers @ CLE Browns,34118083
Quinshon Judkins,Rushing Yards,49.5,-171,,DraftKings,PIT Steelers @ CLE Browns,34118083
Quinshon Judkins,Rushing Yards,56.5,-115,,DraftKings,PIT Steelers @ CLE Browns,34118083
Quinshon Judkins,Rushing Yards,59.5,101,,DraftKings,PIT Steelers @ CLE Browns,34118083
Quinshon Judkins,Rushing Yards,69.5,162,,DraftKings,PIT Steelers @ CLE Browns,34118083
Quinshon Judkins,Rushing Yards,79.5,250,,DraftKings,PIT Steelers @ CLE Browns,34118083
Quinshon Judkins,Rushing Yards,89.5,374,,DraftKings,PIT Steelers @ CLE Browns,34118083
Quinshon Judkins,Rushing Yards,99.5,552,,DraftKings,PIT Steelers @ CLE Browns,34118083
Quinshon Judkins,Rushing Yards,109.5,780,,DraftKings,PIT Steelers @ CLE Browns,34118083
Quinshon Judkins,Rushing Yards,119.5,1120,,DraftKings,PIT Steelers @ CLE Browns,34118083
Quinshon Judkins,Rushing Yards,129.5,1620,,DraftKings,PIT Steelers @ CLE Browns,34118083
Quinshon Judkins,Rushing Yards,139.5,2200,,DraftKings,PIT Steelers @ CLE Browns,34118083
Quinshon Judkins,Rushing Yards,149.5,3000,,DraftKings,PIT Steelers @ CLE Browns,34118083
Quinshon Judkins,Rushing Yards,159.5,4000,,DraftKings,PIT Steelers @ CLE Browns,34118083
Deshaun Watson,Rushing Yards,9.5,-1200,,DraftKings,PIT Steelers @ CLE Browns,34118083
Deshaun Watson,Rushing Yards,14.5,-534,,DraftKings,PIT Steelers @ CLE Browns,34118083
Deshaun Watson,Rushing Yards,19.5,-293,,DraftKings,PIT Steelers @ CLE Browns,34118083
Deshaun Watson,Rushing Yards,24.5,-174,,DraftKings,PIT Steelers @ CLE Browns,34118083
Deshaun Watson,Rushing Yards,29.5,-111,,DraftKings,PIT Steelers @ CLE Browns,34118083
Deshaun Watson,Rushing Yards,39.5,194,,DraftKings,PIT Steelers @ CLE Browns,34118083
Deshaun Watson,Rushing Yards,49.5,386,,DraftKings,PIT Steelers @ CLE Browns,34118083
Deshaun Watson,Rushing Yards,59.5,720,,DraftKings,PIT Steelers @ CLE Browns,34118083
Deshaun Watson,Rushing Yards,69.5,1260,,DraftKings,PIT Steelers @ CLE Browns,34118083
Deshaun Watson,Rushing Yards,79.5,2000,,DraftKings,PIT Steelers @ CLE Browns,34118083
Deshaun Watson,Rushing Yards,89.5,3200,,DraftKings,PIT Steelers @ CLE Browns,34118083
Aaron Rodgers,Rushing Yards,1.5,-118,,DraftKings,PIT Steelers @ CLE Browns,34118083
Aaron Rodgers,Rushing Yards,9.5,283,,DraftKings,PIT Steelers @ CLE Browns,34118083
Aaron Rodgers,Rushing Yards,14.5,509,,DraftKings,PIT Steelers @ CLE Browns,34118083
Aaron Rodgers,Rushing Yards,19.5,860,,DraftKings,PIT Steelers @ CLE Browns,34118083
Aaron Rodgers,Rushing Yards,24.5,1420,,DraftKings,PIT Steelers @ CLE Browns,34118083
Aaron Rodgers,Rushing Yards,29.5,2200,,DraftKings,PIT Steelers @ CLE Browns,34118083
Jonathan Taylor,Rushing Yards,39.5,-1920,,DraftKings,IND Colts @ WAS Commanders,34118061
Jonathan Taylor,Rushing Yards,49.5,-830,,DraftKings,IND Colts @ WAS Commanders,34118061
Jonathan Taylor,Rushing Yards,59.5,-447,,DraftKings,IND Colts @ WAS Commanders,34118061
Jonathan Taylor,Rushing Yards,69.5,-263,,DraftKings,IND Colts @ WAS Commanders,34118061
Jonathan Taylor,Rushing Yards,79.5,-167,,DraftKings,IND Colts @ WAS Commanders,34118061
Jonathan Taylor,Rushing Yards,89.5,-113,,DraftKings,IND Colts @ WAS Commanders,34118061
Jonathan Taylor,Rushing Yards,99.5,129,,DraftKings,IND Colts @ WAS Commanders,34118061
Jonathan Taylor,Rushing Yards,109.5,184,,DraftKings,IND Colts @ WAS Commanders,34118061
Jonathan Taylor,Rushing Yards,119.5,259,,DraftKings,IND Colts @ WAS Commanders,34118061
Jonathan Taylor,Rushing Yards,129.5,369,,DraftKings,IND Colts @ WAS Commanders,34118061
Jonathan Taylor,Rushing Yards,139.5,531,,DraftKings,IND Colts @ WAS Commanders,34118061
Jonathan Taylor,Rushing Yards,149.5,740,,DraftKings,IND Colts @ WAS Commanders,34118061
Jonathan Taylor,Rushing Yards,159.5,1020,,DraftKings,IND Colts @ WAS Commanders,34118061
Jonathan Taylor,Rushing Yards,169.5,1440,,DraftKings,IND Colts @ WAS Commanders,34118061
Jonathan Taylor,Rushing Yards,179.5,2000,,DraftKings,IND Colts @ WAS Commanders,34118061
Jonathan Taylor,Rushing Yards,189.5,2600,,DraftKings,IND Colts @ WAS Commanders,34118061
Jonathan Taylor,Rushing Yards,199.5,3500,,DraftKings,IND Colts @ WAS Commanders,34118061
Jacory Croskey-Merritt,Rushing Yards,19.5,-1940,,DraftKings,IND Colts @ WAS Commanders,34118061
Jacory Croskey-Merritt,Rushing Yards,24.5,-980,,DraftKings,IND Colts @ WAS Commanders,34118061
Jacory Croskey-Merritt,Rushing Yards,29.5,-610,,DraftKings,IND Colts @ WAS Commanders,34118061
Jacory Croskey-Merritt,Rushing Yards,39.5,-268,,DraftKings,IND Colts @ WAS Commanders,34118061
Jacory Croskey-Merritt,Rushing Yards,49.5,-146,,DraftKings,IND Colts @ WAS Commanders,34118061
Jacory Croskey-Merritt,Rushing Yards,54.5,-111,,DraftKings,IND Colts @ WAS Commanders,34118061
Jacory Croskey-Merritt,Rushing Yards,59.5,114,,DraftKings,IND Colts @ WAS Commanders,34118061
Jacory Croskey-Merritt,Rushing Yards,69.5,178,,DraftKings,IND Colts @ WAS Commanders,34118061
Jacory Croskey-Merritt,Rushing Yards,79.5,265,,DraftKings,IND Colts @ WAS Commanders,34118061
Jacory Croskey-Merritt,Rushing Yards,89.5,392,,DraftKings,IND Colts @ WAS Commanders,34118061
Jacory Croskey-Merritt,Rushing Yards,99.5,583,,DraftKings,IND Colts @ WAS Commanders,34118061
Jacory Croskey-Merritt,Rushing Yards,109.5,830,,DraftKings,IND Colts @ WAS Commanders,34118061
Jacory Croskey-Merritt,Rushing Yards,119.5,1180,,DraftKings,IND Colts @ WAS Commanders,34118061
Jacory Croskey-Merritt,Rushing Yards,129.5,1640,,DraftKings,IND Colts @ WAS Commanders,34118061
Jacory Croskey-Merritt,Rushing Yards,139.5,2200,,DraftKings,IND Colts @ WAS Commanders,34118061
Jacory Croskey-Merritt,Rushing Yards,149.5,2800,,DraftKings,IND Colts @ WAS Commanders,34118061
Jacory Croskey-Merritt,Rushing Yards,159.5,3900,,DraftKings,IND Colts @ WAS Commanders,34118061
Marcus Mariota,Rushing Yards,9.5,-940,,DraftKings,IND Colts @ WAS Commanders,34118061
Marcus Mariota,Rushing Yards,14.5,-452,,DraftKings,IND Colts @ WAS Commanders,34118061
Marcus Mariota,Rushing Yards,19.5,-257,,DraftKings,IND Colts @ WAS Commanders,34118061
Marcus Mariota,Rushing Yards,24.5,-158,,DraftKings,IND Colts @ WAS Commanders,34118061
Marcus Mariota,Rushing Yards,28.5,-113,,DraftKings,IND Colts @ WAS Commanders,34118061
Marcus Mariota,Rushing Yards,29.5,-105,,DraftKings,IND Colts @ WAS Commanders,34118061
Marcus Mariota,Rushing Yards,39.5,198,,DraftKings,IND Colts @ WAS Commanders,34118061
Marcus Mariota,Rushing Yards,49.5,388,,DraftKings,IND Colts @ WAS Commanders,34118061
Marcus Mariota,Rushing Yards,59.5,730,,DraftKings,IND Colts @ WAS Commanders,34118061
Marcus Mariota,Rushing Yards,69.5,1300,,DraftKings,IND Colts @ WAS Commanders,34118061
Marcus Mariota,Rushing Yards,79.5,2200,,DraftKings,IND Colts @ WAS Commanders,34118061
Marcus Mariota,Rushing Yards,89.5,3500,,DraftKings,IND Colts @ WAS Commanders,34118061
Daniel Jones,Rushing Yards,9.5,-143,,DraftKings,IND Colts @ WAS Commanders,34118061
Daniel Jones,Rushing Yards,11.5,-113,,DraftKings,IND Colts @ WAS Commanders,34118061
Daniel Jones,Rushing Yards,14.5,123,,DraftKings,IND Colts @ WAS Commanders,34118061
Daniel Jones,Rushing Yards,19.5,196,,DraftKings,IND Colts @ WAS Commanders,34118061
Daniel Jones,Rushing Yards,24.5,304,,DraftKings,IND Colts @ WAS Commanders,34118061
Daniel Jones,Rushing Yards,29.5,471,,DraftKings,IND Colts @ WAS Commanders,34118061
Daniel Jones,Rushing Yards,39.5,1020,,DraftKings,IND Colts @ WAS Commanders,34118061
Daniel Jones,Rushing Yards,49.5,1940,,DraftKings,IND Colts @ WAS Commanders,34118061
Daniel Jones,Rushing Yards,59.5,3300,,DraftKings,IND Colts @ WAS Commanders,34118061
James Cook,Rushing Yards,39.5,-1440,,DraftKings,NE Patriots @ BUF Bills,34118207
James Cook,Rushing Yards,49.5,-690,,DraftKings,NE Patriots @ BUF Bills,34118207
James Cook,Rushing Yards,59.5,-365,,DraftKings,NE Patriots @ BUF Bills,34118207
James Cook,Rushing Yards,69.5,-221,,DraftKings,NE Patriots @ BUF Bills,34118207
James Cook,Rushing Yards,79.5,-141,,DraftKings,NE Patriots @ BUF Bills,34118207
James Cook,Rushing Yards,85.5,-112,,DraftKings,NE Patriots @ BUF Bills,34118207
James Cook,Rushing Yards,89.5,105,,DraftKings,NE Patriots @ BUF Bills,34118207
James Cook,Rushing Yards,99.5,157,,DraftKings,NE Patriots @ BUF Bills,34118207
James Cook,Rushing Yards,109.5,227,,DraftKings,NE Patriots @ BUF Bills,34118207
James Cook,Rushing Yards,119.5,320,,DraftKings,NE Patriots @ BUF Bills,34118207
James Cook,Rushing Yards,129.5,458,,DraftKings,NE Patriots @ BUF Bills,34118207
James Cook,Rushing Yards,139.5,660,,DraftKings,NE Patriots @ BUF Bills,34118207
James Cook,Rushing Yards,149.5,930,,DraftKings,NE Patriots @ BUF Bills,34118207
James Cook,Rushing Yards,159.5,1280,,DraftKings,NE Patriots @ BUF Bills,34118207
James Cook,Rushing Yards,169.5,1780,,DraftKings,NE Patriots @ BUF Bills,34118207
James Cook,Rushing Yards,179.5,2400,,DraftKings,NE Patriots @ BUF Bills,34118207
James Cook,Rushing Yards,189.5,3400,,DraftKings,NE Patriots @ BUF Bills,34118207
Josh Allen,Rushing Yards,9.5,-1500,,DraftKings,NE Patriots @ BUF Bills,34118207
Josh Allen,Rushing Yards,14.5,-640,,DraftKings,NE Patriots @ BUF Bills,34118207
Josh Allen,Rushing Yards,19.5,-346,,DraftKings,NE Patriots @ BUF Bills,34118207
Josh Allen,Rushing Yards,24.5,-207,,DraftKings,NE Patriots @ BUF Bills,34118207
Josh Allen,Rushing Yards,29.5,-134,,DraftKings,NE Patriots @ BUF Bills,34118207
Josh Allen,Rushing Yards,31.5,-113,,DraftKings,NE Patriots @ BUF Bills,34118207
Josh Allen,Rushing Yards,39.5,159,,DraftKings,NE Patriots @ BUF Bills,34118207
Josh Allen,Rushing Yards,49.5,301,,DraftKings,NE Patriots @ BUF Bills,34118207
Josh Allen,Rushing Yards,59.5,517,,DraftKings,NE Patriots @ BUF Bills,34118207
Josh Allen,Rushing Yards,69.5,840,,DraftKings,NE Patriots @ BUF Bills,34118207
Josh Allen,Rushing Yards,79.5,1320,,DraftKings,NE Patriots @ BUF Bills,34118207
Josh Allen,Rushing Yards,89.5,2000,,DraftKings,NE Patriots @ BUF Bills,34118207
Josh Allen,Rushing Yards,99.5,2900,,DraftKings,NE Patriots @ BUF Bills,34118207
Chase Brown,Rushing Yards,24.5,-2600,,DraftKings,JAX Jaguars @ CIN Bengals,34118124
Chase Brown,Rushing Yards,29.5,-1380,,DraftKings,JAX Jaguars @ CIN Bengals,34118124
Chase Brown,Rushing Yards,39.5,-533,,DraftKings,JAX Jaguars @ CIN Bengals,34118124
Chase Brown,Rushing Yards,49.5,-262,,DraftKings,JAX Jaguars @ CIN Bengals,34118124
Chase Brown,Rushing Yards,59.5,-147,,DraftKings,JAX Jaguars @ CIN Bengals,34118124
Chase Brown,Rushing Yards,64.5,-115,,DraftKings,JAX Jaguars @ CIN Bengals,34118124
Chase Brown,Rushing Yards,69.5,112,,DraftKings,JAX Jaguars @ CIN Bengals,34118124
Chase Brown,Rushing Yards,79.5,178,,DraftKings,JAX Jaguars @ CIN Bengals,34118124
Chase Brown,Rushing Yards,89.5,274,,DraftKings,JAX Jaguars @ CIN Bengals,34118124
Chase Brown,Rushing Yards,99.5,411,,DraftKings,JAX Jaguars @ CIN Bengals,34118124
Chase Brown,Rushing Yards,109.5,610,,DraftKings,JAX Jaguars @ CIN Bengals,34118124
Chase Brown,Rushing Yards,119.5,910,,DraftKings,JAX Jaguars @ CIN Bengals,34118124
Chase Brown,Rushing Yards,129.5,1360,,DraftKings,JAX Jaguars @ CIN Bengals,34118124
Chase Brown,Rushing Yards,139.5,1880,,DraftKings,JAX Jaguars @ CIN Bengals,34118124
Chase Brown,Rushing Yards,149.5,2500,,DraftKings,JAX Jaguars @ CIN Bengals,34118124
Chase Brown,Rushing Yards,159.5,3500,,DraftKings,JAX Jaguars @ CIN Bengals,34118124
Bhayshul Tuten,Rushing Yards,19.5,-2300,,DraftKings,JAX Jaguars @ CIN Bengals,34118124
Bhayshul Tuten,Rushing Yards,24.5,-1140,,DraftKings,JAX Jaguars @ CIN Bengals,34118124
Bhayshul Tuten,Rushing Yards,29.5,-670,,DraftKings,JAX Jaguars @ CIN Bengals,34118124
Bhayshul Tuten,Rushing Yards,39.5,-292,,DraftKings,JAX Jaguars @ CIN Bengals,34118124
Bhayshul Tuten,Rushing Yards,49.5,-153,,DraftKings,JAX Jaguars @ CIN Bengals,34118124
Bhayshul Tuten,Rushing Yards,54.5,-114,,DraftKings,JAX Jaguars @ CIN Bengals,34118124
Bhayshul Tuten,Rushing Yards,59.5,115,,DraftKings,JAX Jaguars @ CIN Bengals,34118124
Bhayshul Tuten,Rushing Yards,69.5,192,,DraftKings,JAX Jaguars @ CIN Bengals,34118124
Bhayshul Tuten,Rushing Yards,79.5,301,,DraftKings,JAX Jaguars @ CIN Bengals,34118124
Bhayshul Tuten,Rushing Yards,89.5,477,,DraftKings,JAX Jaguars @ CIN Bengals,34118124
Bhayshul Tuten,Rushing Yards,99.5,730,,DraftKings,JAX Jaguars @ CIN Bengals,34118124
Bhayshul Tuten,Rushing Yards,109.5,1100,,DraftKings,JAX Jaguars @ CIN Bengals,34118124
Bhayshul Tuten,Rushing Yards,119.5,1660,,DraftKings,JAX Jaguars @ CIN Bengals,34118124
Bhayshul Tuten,Rushing Yards,129.5,2400,,DraftKings,JAX Jaguars @ CIN Bengals,34118124
Bhayshul Tuten,Rushing Yards,139.5,3500,,DraftKings,JAX Jaguars @ CIN Bengals,34118124
Saquon Barkley,Rushing Yards,39.5,-1440,,DraftKings,LA Rams @ PHI Eagles,34118078
Saquon Barkley,Rushing Yards,49.5,-620,,DraftKings,LA Rams @ PHI Eagles,34118078
Saquon Barkley,Rushing Yards,59.5,-316,,DraftKings,LA Rams @ PHI Eagles,34118078
Saquon Barkley,Rushing Yards,69.5,-183,,DraftKings,LA Rams @ PHI Eagles,34118078
Saquon Barkley,Rushing Yards,79.5,-114,,DraftKings,LA Rams @ PHI Eagles,34118078
Saquon Barkley,Rushing Yards,89.5,138,,DraftKings,LA Rams @ PHI Eagles,34118078
Saquon Barkley,Rushing Yards,99.5,208,,DraftKings,LA Rams @ PHI Eagles,34118078
Saquon Barkley,Rushing Yards,109.5,306,,DraftKings,LA Rams @ PHI Eagles,34118078
Saquon Barkley,Rushing Yards,119.5,442,,DraftKings,LA Rams @ PHI Eagles,34118078
Saquon Barkley,Rushing Yards,129.5,650,,DraftKings,LA Rams @ PHI Eagles,34118078
Saquon Barkley,Rushing Yards,139.5,940,,DraftKings,LA Rams @ PHI Eagles,34118078
Saquon Barkley,Rushing Yards,149.5,1340,,DraftKings,LA Rams @ PHI Eagles,34118078
Saquon Barkley,Rushing Yards,159.5,1880,,DraftKings,LA Rams @ PHI Eagles,34118078
Saquon Barkley,Rushing Yards,169.5,2600,,DraftKings,LA Rams @ PHI Eagles,34118078
Saquon Barkley,Rushing Yards,179.5,3300,,DraftKings,LA Rams @ PHI Eagles,34118078
Kyren Williams,Rushing Yards,24.5,-1560,,DraftKings,LA Rams @ PHI Eagles,34118078
Kyren Williams,Rushing Yards,29.5,-840,,DraftKings,LA Rams @ PHI Eagles,34118078
Kyren Williams,Rushing Yards,39.5,-343,,DraftKings,LA Rams @ PHI Eagles,34118078
Kyren Williams,Rushing Yards,49.5,-178,,DraftKings,LA Rams @ PHI Eagles,34118078
Kyren Williams,Rushing Yards,57.5,-112,,DraftKings,LA Rams @ PHI Eagles,34118078
Kyren Williams,Rushing Yards,59.5,-101,,DraftKings,LA Rams @ PHI Eagles,34118078
Kyren Williams,Rushing Yards,69.5,163,,DraftKings,LA Rams @ PHI Eagles,34118078
Kyren Williams,Rushing Yards,79.5,260,,DraftKings,LA Rams @ PHI Eagles,34118078
Kyren Williams,Rushing Yards,89.5,405,,DraftKings,LA Rams @ PHI Eagles,34118078
Kyren Williams,Rushing Yards,99.5,610,,DraftKings,LA Rams @ PHI Eagles,34118078
Kyren Williams,Rushing Yards,109.5,970,,DraftKings,LA Rams @ PHI Eagles,34118078
Kyren Williams,Rushing Yards,119.5,1440,,DraftKings,LA Rams @ PHI Eagles,34118078
Kyren Williams,Rushing Yards,129.5,2000,,DraftKings,LA Rams @ PHI Eagles,34118078
Kyren Williams,Rushing Yards,139.5,2900,,DraftKings,LA Rams @ PHI Eagles,34118078
Kyren Williams,Rushing Yards,149.5,4000,,DraftKings,LA Rams @ PHI Eagles,34118078
Blake Corum,Rushing Yards,14.5,-1620,,DraftKings,LA Rams @ PHI Eagles,34118078
Blake Corum,Rushing Yards,19.5,-770,,DraftKings,LA Rams @ PHI Eagles,34118078
Blake Corum,Rushing Yards,24.5,-432,,DraftKings,LA Rams @ PHI Eagles,34118078
Blake Corum,Rushing Yards,29.5,-267,,DraftKings,LA Rams @ PHI Eagles,34118078
Blake Corum,Rushing Yards,39.5,-125,,DraftKings,LA Rams @ PHI Eagles,34118078
Blake Corum,Rushing Yards,41.5,-110,,DraftKings,LA Rams @ PHI Eagles,34118078
Blake Corum,Rushing Yards,49.5,148,,DraftKings,LA Rams @ PHI Eagles,34118078
Blake Corum,Rushing Yards,59.5,261,,DraftKings,LA Rams @ PHI Eagles,34118078
Blake Corum,Rushing Yards,69.5,428,,DraftKings,LA Rams @ PHI Eagles,34118078
Blake Corum,Rushing Yards,79.5,670,,DraftKings,LA Rams @ PHI Eagles,34118078
Blake Corum,Rushing Yards,89.5,1060,,DraftKings,LA Rams @ PHI Eagles,34118078
Blake Corum,Rushing Yards,99.5,1640,,DraftKings,LA Rams @ PHI Eagles,34118078
Blake Corum,Rushing Yards,109.5,2400,,DraftKings,LA Rams @ PHI Eagles,34118078
Blake Corum,Rushing Yards,119.5,3500,,DraftKings,LA Rams @ PHI Eagles,34118078
Jalen Hurts,Rushing Yards,9.5,-549,,DraftKings,LA Rams @ PHI Eagles,34118078
Jalen Hurts,Rushing Yards,14.5,-302,,DraftKings,LA Rams @ PHI Eagles,34118078
Jalen Hurts,Rushing Yards,19.5,-187,,DraftKings,LA Rams @ PHI Eagles,34118078
Jalen Hurts,Rushing Yards,24.5,-123,,DraftKings,LA Rams @ PHI Eagles,34118078
Jalen Hurts,Rushing Yards,25.5,-114,,DraftKings,LA Rams @ PHI Eagles,34118078
Jalen Hurts,Rushing Yards,29.5,120,,DraftKings,LA Rams @ PHI Eagles,34118078
Jalen Hurts,Rushing Yards,39.5,238,,DraftKings,LA Rams @ PHI Eagles,34118078
Jalen Hurts,Rushing Yards,49.5,432,,DraftKings,LA Rams @ PHI Eagles,34118078
Jalen Hurts,Rushing Yards,59.5,760,,DraftKings,LA Rams @ PHI Eagles,34118078
Jalen Hurts,Rushing Yards,69.5,1320,,DraftKings,LA Rams @ PHI Eagles,34118078
Jalen Hurts,Rushing Yards,79.5,2200,,DraftKings,LA Rams @ PHI Eagles,34118078
Jalen Hurts,Rushing Yards,89.5,3400,,DraftKings,LA Rams @ PHI Eagles,34118078
Kenneth Walker III,Rushing Yards,29.5,-2800,,DraftKings,KC Chiefs @ LV Raiders,34118238
Kenneth Walker III,Rushing Yards,39.5,-1180,,DraftKings,KC Chiefs @ LV Raiders,34118238
Kenneth Walker III,Rushing Yards,49.5,-630,,DraftKings,KC Chiefs @ LV Raiders,34118238
Kenneth Walker III,Rushing Yards,59.5,-368,,DraftKings,KC Chiefs @ LV Raiders,34118238
Kenneth Walker III,Rushing Yards,69.5,-233,,DraftKings,KC Chiefs @ LV Raiders,34118238
Kenneth Walker III,Rushing Yards,79.5,-155,,DraftKings,KC Chiefs @ LV Raiders,34118238
Kenneth Walker III,Rushing Yards,87.5,-114,,DraftKings,KC Chiefs @ LV Raiders,34118238
Kenneth Walker III,Rushing Yards,89.5,-106,,DraftKings,KC Chiefs @ LV Raiders,34118238
Kenneth Walker III,Rushing Yards,99.5,137,,DraftKings,KC Chiefs @ LV Raiders,34118238
Kenneth Walker III,Rushing Yards,109.5,192,,DraftKings,KC Chiefs @ LV Raiders,34118238
Kenneth Walker III,Rushing Yards,119.5,267,,DraftKings,KC Chiefs @ LV Raiders,34118238
Kenneth Walker III,Rushing Yards,129.5,365,,DraftKings,KC Chiefs @ LV Raiders,34118238
Kenneth Walker III,Rushing Yards,139.5,507,,DraftKings,KC Chiefs @ LV Raiders,34118238
Kenneth Walker III,Rushing Yards,149.5,700,,DraftKings,KC Chiefs @ LV Raiders,34118238
Kenneth Walker III,Rushing Yards,159.5,960,,DraftKings,KC Chiefs @ LV Raiders,34118238
Kenneth Walker III,Rushing Yards,169.5,1300,,DraftKings,KC Chiefs @ LV Raiders,34118238
Kenneth Walker III,Rushing Yards,179.5,1740,,DraftKings,KC Chiefs @ LV Raiders,34118238
Kenneth Walker III,Rushing Yards,189.5,2300,,DraftKings,KC Chiefs @ LV Raiders,34118238
Kenneth Walker III,Rushing Yards,199.5,3000,,DraftKings,KC Chiefs @ LV Raiders,34118238
Ashton Jeanty,Rushing Yards,24.5,-1720,,DraftKings,KC Chiefs @ LV Raiders,34118238
Ashton Jeanty,Rushing Yards,29.5,-960,,DraftKings,KC Chiefs @ LV Raiders,34118238
Ashton Jeanty,Rushing Yards,39.5,-386,,DraftKings,KC Chiefs @ LV Raiders,34118238
Ashton Jeanty,Rushing Yards,49.5,-197,,DraftKings,KC Chiefs @ LV Raiders,34118238
Ashton Jeanty,Rushing Yards,59.5,-113,,DraftKings,KC Chiefs @ LV Raiders,34118238
Ashton Jeanty,Rushing Yards,69.5,144,,DraftKings,KC Chiefs @ LV Raiders,34118238
Ashton Jeanty,Rushing Yards,79.5,221,,DraftKings,KC Chiefs @ LV Raiders,34118238
Ashton Jeanty,Rushing Yards,89.5,335,,DraftKings,KC Chiefs @ LV Raiders,34118238
Ashton Jeanty,Rushing Yards,99.5,495,,DraftKings,KC Chiefs @ LV Raiders,34118238
Ashton Jeanty,Rushing Yards,109.5,740,,DraftKings,KC Chiefs @ LV Raiders,34118238
Ashton Jeanty,Rushing Yards,119.5,1100,,DraftKings,KC Chiefs @ LV Raiders,34118238
Ashton Jeanty,Rushing Yards,129.5,1580,,DraftKings,KC Chiefs @ LV Raiders,34118238
Ashton Jeanty,Rushing Yards,139.5,2200,,DraftKings,KC Chiefs @ LV Raiders,34118238
Ashton Jeanty,Rushing Yards,149.5,2900,,DraftKings,KC Chiefs @ LV Raiders,34118238
Ashton Jeanty,Rushing Yards,159.5,3800,,DraftKings,KC Chiefs @ LV Raiders,34118238
Christian McCaffrey,Rushing Yards,24.5,-2400,,DraftKings,DEN Broncos @ SF 49ers,34118067
Christian McCaffrey,Rushing Yards,29.5,-1280,,DraftKings,DEN Broncos @ SF 49ers,34118067
Christian McCaffrey,Rushing Yards,39.5,-510,,DraftKings,DEN Broncos @ SF 49ers,34118067
Christian McCaffrey,Rushing Yards,49.5,-262,,DraftKings,DEN Broncos @ SF 49ers,34118067
Christian McCaffrey,Rushing Yards,59.5,-150,,DraftKings,DEN Broncos @ SF 49ers,34118067
Christian McCaffrey,Rushing Yards,65.5,-112,,DraftKings,DEN Broncos @ SF 49ers,34118067
Christian McCaffrey,Rushing Yards,69.5,109,,DraftKings,DEN Broncos @ SF 49ers,34118067
Christian McCaffrey,Rushing Yards,79.5,170,,DraftKings,DEN Broncos @ SF 49ers,34118067
Christian McCaffrey,Rushing Yards,89.5,260,,DraftKings,DEN Broncos @ SF 49ers,34118067
Christian McCaffrey,Rushing Yards,99.5,395,,DraftKings,DEN Broncos @ SF 49ers,34118067
Christian McCaffrey,Rushing Yards,109.5,584,,DraftKings,DEN Broncos @ SF 49ers,34118067
Christian McCaffrey,Rushing Yards,119.5,860,,DraftKings,DEN Broncos @ SF 49ers,34118067
Christian McCaffrey,Rushing Yards,129.5,1260,,DraftKings,DEN Broncos @ SF 49ers,34118067
Christian McCaffrey,Rushing Yards,139.5,1800,,DraftKings,DEN Broncos @ SF 49ers,34118067
Christian McCaffrey,Rushing Yards,149.5,2500,,DraftKings,DEN Broncos @ SF 49ers,34118067
Christian McCaffrey,Rushing Yards,159.5,3500,,DraftKings,DEN Broncos @ SF 49ers,34118067
Kaelon Black,Rushing Yards,9.5,-526,,DraftKings,DEN Broncos @ SF 49ers,34118067
Kaelon Black,Rushing Yards,14.5,-258,,DraftKings,DEN Broncos @ SF 49ers,34118067
Kaelon Black,Rushing Yards,19.5,-148,,DraftKings,DEN Broncos @ SF 49ers,34118067
Kaelon Black,Rushing Yards,22.5,-112,,DraftKings,DEN Broncos @ SF 49ers,34118067
Kaelon Black,Rushing Yards,24.5,107,,DraftKings,DEN Broncos @ SF 49ers,34118067
Kaelon Black,Rushing Yards,29.5,159,,DraftKings,DEN Broncos @ SF 49ers,34118067
Kaelon Black,Rushing Yards,39.5,320,,DraftKings,DEN Broncos @ SF 49ers,34118067
Kaelon Black,Rushing Yards,49.5,580,,DraftKings,DEN Broncos @ SF 49ers,34118067
Kaelon Black,Rushing Yards,59.5,940,,DraftKings,DEN Broncos @ SF 49ers,34118067
Kaelon Black,Rushing Yards,69.5,1480,,DraftKings,DEN Broncos @ SF 49ers,34118067
Kaelon Black,Rushing Yards,79.5,2300,,DraftKings,DEN Broncos @ SF 49ers,34118067
Kaelon Black,Rushing Yards,89.5,3300,,DraftKings,DEN Broncos @ SF 49ers,34118067
Brock Purdy,Rushing Yards,9.5,-278,,DraftKings,DEN Broncos @ SF 49ers,34118067
Brock Purdy,Rushing Yards,14.5,-141,,DraftKings,DEN Broncos @ SF 49ers,34118067
Brock Purdy,Rushing Yards,16.5,-111,,DraftKings,DEN Broncos @ SF 49ers,34118067
Brock Purdy,Rushing Yards,19.5,123,,DraftKings,DEN Broncos @ SF 49ers,34118067
Brock Purdy,Rushing Yards,24.5,202,,DraftKings,DEN Broncos @ SF 49ers,34118067
Brock Purdy,Rushing Yards,29.5,307,,DraftKings,DEN Broncos @ SF 49ers,34118067
Brock Purdy,Rushing Yards,39.5,670,,DraftKings,DEN Broncos @ SF 49ers,34118067
Brock Purdy,Rushing Yards,49.5,1280,,DraftKings,DEN Broncos @ SF 49ers,34118067
Brock Purdy,Rushing Yards,59.5,2200,,DraftKings,DEN Broncos @ SF 49ers,34118067
Brock Purdy,Rushing Yards,69.5,3200,,DraftKings,DEN Broncos @ SF 49ers,34118067
Jahmyr Gibbs,Rushing Yards,39.5,-2900,,DraftKings,DET Lions @ CAR Panthers,34118032
Jahmyr Gibbs,Rushing Yards,49.5,-1160,,DraftKings,DET Lions @ CAR Panthers,34118032
Jahmyr Gibbs,Rushing Yards,59.5,-576,,DraftKings,DET Lions @ CAR Panthers,34118032
Jahmyr Gibbs,Rushing Yards,69.5,-347,,DraftKings,DET Lions @ CAR Panthers,34118032
Jahmyr Gibbs,Rushing Yards,79.5,-220,,DraftKings,DET Lions @ CAR Panthers,34118032
Jahmyr Gibbs,Rushing Yards,89.5,-148,,DraftKings,DET Lions @ CAR Panthers,34118032
Jahmyr Gibbs,Rushing Yards,97.5,-111,,DraftKings,DET Lions @ CAR Panthers,34118032
Jahmyr Gibbs,Rushing Yards,99.5,-103,,DraftKings,DET Lions @ CAR Panthers,34118032
Jahmyr Gibbs,Rushing Yards,109.5,138,,DraftKings,DET Lions @ CAR Panthers,34118032
Jahmyr Gibbs,Rushing Yards,119.5,188,,DraftKings,DET Lions @ CAR Panthers,34118032
Jahmyr Gibbs,Rushing Yards,129.5,265,,DraftKings,DET Lions @ CAR Panthers,34118032
Jahmyr Gibbs,Rushing Yards,139.5,368,,DraftKings,DET Lions @ CAR Panthers,34118032
Jahmyr Gibbs,Rushing Yards,149.5,506,,DraftKings,DET Lions @ CAR Panthers,34118032
Jahmyr Gibbs,Rushing Yards,159.5,680,,DraftKings,DET Lions @ CAR Panthers,34118032
Jahmyr Gibbs,Rushing Yards,169.5,950,,DraftKings,DET Lions @ CAR Panthers,34118032
Jahmyr Gibbs,Rushing Yards,179.5,1300,,DraftKings,DET Lions @ CAR Panthers,34118032
Jahmyr Gibbs,Rushing Yards,189.5,1760,,DraftKings,DET Lions @ CAR Panthers,34118032
Jahmyr Gibbs,Rushing Yards,199.5,2400,,DraftKings,DET Lions @ CAR Panthers,34118032
Chuba Hubbard,Rushing Yards,29.5,-1580,,DraftKings,DET Lions @ CAR Panthers,34118032
Chuba Hubbard,Rushing Yards,39.5,-598,,DraftKings,DET Lions @ CAR Panthers,34118032
Chuba Hubbard,Rushing Yards,49.5,-303,,DraftKings,DET Lions @ CAR Panthers,34118032
Chuba Hubbard,Rushing Yards,59.5,-169,,DraftKings,DET Lions @ CAR Panthers,34118032
Chuba Hubbard,Rushing Yards,67.5,-113,,DraftKings,DET Lions @ CAR Panthers,34118032
Chuba Hubbard,Rushing Yards,69.5,-103,,DraftKings,DET Lions @ CAR Panthers,34118032
Chuba Hubbard,Rushing Yards,79.5,150,,DraftKings,DET Lions @ CAR Panthers,34118032
Chuba Hubbard,Rushing Yards,89.5,228,,DraftKings,DET Lions @ CAR Panthers,34118032
Chuba Hubbard,Rushing Yards,99.5,339,,DraftKings,DET Lions @ CAR Panthers,34118032
Chuba Hubbard,Rushing Yards,109.5,499,,DraftKings,DET Lions @ CAR Panthers,34118032
Chuba Hubbard,Rushing Yards,119.5,730,,DraftKings,DET Lions @ CAR Panthers,34118032
Chuba Hubbard,Rushing Yards,129.5,1060,,DraftKings,DET Lions @ CAR Panthers,34118032
Chuba Hubbard,Rushing Yards,139.5,1540,,DraftKings,DET Lions @ CAR Panthers,34118032
Chuba Hubbard,Rushing Yards,149.5,2100,,DraftKings,DET Lions @ CAR Panthers,34118032
Chuba Hubbard,Rushing Yards,159.5,2900,,DraftKings,DET Lions @ CAR Panthers,34118032
Chuba Hubbard,Rushing Yards,169.5,3900,,DraftKings,DET Lions @ CAR Panthers,34118032
Bryce Young,Rushing Yards,9.5,-170,,DraftKings,DET Lions @ CAR Panthers,34118032
Bryce Young,Rushing Yards,13.5,-107,,DraftKings,DET Lions @ CAR Panthers,34118032
Bryce Young,Rushing Yards,14.5,104,,DraftKings,DET Lions @ CAR Panthers,34118032
Bryce Young,Rushing Yards,19.5,164,,DraftKings,DET Lions @ CAR Panthers,34118032
Bryce Young,Rushing Yards,24.5,251,,DraftKings,DET Lions @ CAR Panthers,34118032
Bryce Young,Rushing Yards,29.5,373,,DraftKings,DET Lions @ CAR Panthers,34118032
Bryce Young,Rushing Yards,39.5,790,,DraftKings,DET Lions @ CAR Panthers,34118032
Bryce Young,Rushing Yards,49.5,1520,,DraftKings,DET Lions @ CAR Panthers,34118032
Bryce Young,Rushing Yards,59.5,2900,,DraftKings,DET Lions @ CAR Panthers,34118032
Jaylen Warren,Rush + Receiving Yards,39.5,-1640,,DraftKings,PIT Steelers @ CLE Browns,34118083
Jaylen Warren,Rush + Receiving Yards,49.5,-810,,DraftKings,PIT Steelers @ CLE Browns,34118083
Jaylen Warren,Rush + Receiving Yards,59.5,-463,,DraftKings,PIT Steelers @ CLE Browns,34118083
Jaylen Warren,Rush + Receiving Yards,69.5,-295,,DraftKings,PIT Steelers @ CLE Browns,34118083
Jaylen Warren,Rush + Receiving Yards,79.5,-194,,DraftKings,PIT Steelers @ CLE Browns,34118083
Jaylen Warren,Rush + Receiving Yards,89.5,-133,,DraftKings,PIT Steelers @ CLE Browns,34118083
Jaylen Warren,Rush + Receiving Yards,94.5,-112,,DraftKings,PIT Steelers @ CLE Browns,34118083
Jaylen Warren,Rush + Receiving Yards,99.5,105,,DraftKings,PIT Steelers @ CLE Browns,34118083
Jaylen Warren,Rush + Receiving Yards,109.5,147,,DraftKings,PIT Steelers @ CLE Browns,34118083
Jaylen Warren,Rush + Receiving Yards,119.5,205,,DraftKings,PIT Steelers @ CLE Browns,34118083
Jaylen Warren,Rush + Receiving Yards,129.5,285,,DraftKings,PIT Steelers @ CLE Browns,34118083
Jaylen Warren,Rush + Receiving Yards,139.5,393,,DraftKings,PIT Steelers @ CLE Browns,34118083
Jaylen Warren,Rush + Receiving Yards,149.5,534,,DraftKings,PIT Steelers @ CLE Browns,34118083
Jaylen Warren,Rush + Receiving Yards,159.5,740,,DraftKings,PIT Steelers @ CLE Browns,34118083
Jaylen Warren,Rush + Receiving Yards,169.5,1020,,DraftKings,PIT Steelers @ CLE Browns,34118083
Jaylen Warren,Rush + Receiving Yards,179.5,1380,,DraftKings,PIT Steelers @ CLE Browns,34118083
Jaylen Warren,Rush + Receiving Yards,189.5,1820,,DraftKings,PIT Steelers @ CLE Browns,34118083
Jaylen Warren,Rush + Receiving Yards,199.5,2400,,DraftKings,PIT Steelers @ CLE Browns,34118083
Jaylen Warren,Rush + Receiving Yards,209.5,3100,,DraftKings,PIT Steelers @ CLE Browns,34118083
Jaylen Warren,Rush + Receiving Yards,219.5,3800,,DraftKings,PIT Steelers @ CLE Browns,34118083
Quinshon Judkins,Rush + Receiving Yards,39.5,-900,,DraftKings,PIT Steelers @ CLE Browns,34118083
Quinshon Judkins,Rush + Receiving Yards,49.5,-428,,DraftKings,PIT Steelers @ CLE Browns,34118083
Quinshon Judkins,Rush + Receiving Yards,59.5,-238,,DraftKings,PIT Steelers @ CLE Browns,34118083
Quinshon Judkins,Rush + Receiving Yards,69.5,-144,,DraftKings,PIT Steelers @ CLE Browns,34118083
Quinshon Judkins,Rush + Receiving Yards,74.5,-114,,DraftKings,PIT Steelers @ CLE Browns,34118083
Quinshon Judkins,Rush + Receiving Yards,79.5,110,,DraftKings,PIT Steelers @ CLE Browns,34118083
Quinshon Judkins,Rush + Receiving Yards,89.5,168,,DraftKings,PIT Steelers @ CLE Browns,34118083
Quinshon Judkins,Rush + Receiving Yards,99.5,253,,DraftKings,PIT Steelers @ CLE Browns,34118083
Quinshon Judkins,Rush + Receiving Yards,109.5,370,,DraftKings,PIT Steelers @ CLE Browns,34118083
Quinshon Judkins,Rush + Receiving Yards,119.5,531,,DraftKings,PIT Steelers @ CLE Browns,34118083
Quinshon Judkins,Rush + Receiving Yards,129.5,740,,DraftKings,PIT Steelers @ CLE Browns,34118083
Quinshon Judkins,Rush + Receiving Yards,139.5,1060,,DraftKings,PIT Steelers @ CLE Browns,34118083
Quinshon Judkins,Rush + Receiving Yards,149.5,1460,,DraftKings,PIT Steelers @ CLE Browns,34118083
Quinshon Judkins,Rush + Receiving Yards,159.5,2000,,DraftKings,PIT Steelers @ CLE Browns,34118083
Quinshon Judkins,Rush + Receiving Yards,169.5,2700,,DraftKings,PIT Steelers @ CLE Browns,34118083
Quinshon Judkins,Rush + Receiving Yards,179.5,3500,,DraftKings,PIT Steelers @ CLE Browns,34118083
Jonathan Taylor,Rush + Receiving Yards,59.5,-1580,,DraftKings,IND Colts @ WAS Commanders,34118061
Jonathan Taylor,Rush + Receiving Yards,69.5,-800,,DraftKings,IND Colts @ WAS Commanders,34118061
Jonathan Taylor,Rush + Receiving Yards,79.5,-461,,DraftKings,IND Colts @ WAS Commanders,34118061
Jonathan Taylor,Rush + Receiving Yards,89.5,-294,,DraftKings,IND Colts @ WAS Commanders,34118061
Jonathan Taylor,Rush + Receiving Yards,99.5,-194,,DraftKings,IND Colts @ WAS Commanders,34118061
Jonathan Taylor,Rush + Receiving Yards,109.5,-133,,DraftKings,IND Colts @ WAS Commanders,34118061
Jonathan Taylor,Rush + Receiving Yards,114.5,-112,,DraftKings,IND Colts @ WAS Commanders,34118061
Jonathan Taylor,Rush + Receiving Yards,119.5,107,,DraftKings,IND Colts @ WAS Commanders,34118061
Jonathan Taylor,Rush + Receiving Yards,129.5,152,,DraftKings,IND Colts @ WAS Commanders,34118061
Jonathan Taylor,Rush + Receiving Yards,139.5,208,,DraftKings,IND Colts @ WAS Commanders,34118061
Jonathan Taylor,Rush + Receiving Yards,149.5,289,,DraftKings,IND Colts @ WAS Commanders,34118061
Jonathan Taylor,Rush + Receiving Yards,159.5,401,,DraftKings,IND Colts @ WAS Commanders,34118061
Jonathan Taylor,Rush + Receiving Yards,169.5,568,,DraftKings,IND Colts @ WAS Commanders,34118061
Jonathan Taylor,Rush + Receiving Yards,179.5,780,,DraftKings,IND Colts @ WAS Commanders,34118061
Jonathan Taylor,Rush + Receiving Yards,189.5,1060,,DraftKings,IND Colts @ WAS Commanders,34118061
Jonathan Taylor,Rush + Receiving Yards,199.5,1440,,DraftKings,IND Colts @ WAS Commanders,34118061
Jonathan Taylor,Rush + Receiving Yards,209.5,1980,,DraftKings,IND Colts @ WAS Commanders,34118061
Jonathan Taylor,Rush + Receiving Yards,219.5,2600,,DraftKings,IND Colts @ WAS Commanders,34118061
Jonathan Taylor,Rush + Receiving Yards,229.5,3300,,DraftKings,IND Colts @ WAS Commanders,34118061
Jahmyr Gibbs,Rush + Receiving Yards,69.5,-2600,,DraftKings,DET Lions @ CAR Panthers,34118032
Jahmyr Gibbs,Rush + Receiving Yards,79.5,-1260,,DraftKings,DET Lions @ CAR Panthers,34118032
Jahmyr Gibbs,Rush + Receiving Yards,89.5,-720,,DraftKings,DET Lions @ CAR Panthers,34118032
Jahmyr Gibbs,Rush + Receiving Yards,99.5,-452,,DraftKings,DET Lions @ CAR Panthers,34118032
Jahmyr Gibbs,Rush + Receiving Yards,109.5,-299,,DraftKings,DET Lions @ CAR Panthers,34118032
Jahmyr Gibbs,Rush + Receiving Yards,119.5,-207,,DraftKings,DET Lions @ CAR Panthers,34118032
Jahmyr Gibbs,Rush + Receiving Yards,129.5,-145,,DraftKings,DET Lions @ CAR Panthers,34118032
Jahmyr Gibbs,Rush + Receiving Yards,137.5,-112,,DraftKings,DET Lions @ CAR Panthers,34118032
Jahmyr Gibbs,Rush + Receiving Yards,139.5,-105,,DraftKings,DET Lions @ CAR Panthers,34118032
Jahmyr Gibbs,Rush + Receiving Yards,149.5,131,,DraftKings,DET Lions @ CAR Panthers,34118032
Jahmyr Gibbs,Rush + Receiving Yards,159.5,177,,DraftKings,DET Lions @ CAR Panthers,34118032
Jahmyr Gibbs,Rush + Receiving Yards,169.5,241,,DraftKings,DET Lions @ CAR Panthers,34118032
Jahmyr Gibbs,Rush + Receiving Yards,179.5,330,,DraftKings,DET Lions @ CAR Panthers,34118032
Jahmyr Gibbs,Rush + Receiving Yards,189.5,438,,DraftKings,DET Lions @ CAR Panthers,34118032
Jahmyr Gibbs,Rush + Receiving Yards,199.5,585,,DraftKings,DET Lions @ CAR Panthers,34118032
Jahmyr Gibbs,Rush + Receiving Yards,209.5,800,,DraftKings,DET Lions @ CAR Panthers,34118032
Jahmyr Gibbs,Rush + Receiving Yards,219.5,1060,,DraftKings,DET Lions @ CAR Panthers,34118032
Jahmyr Gibbs,Rush + Receiving Yards,229.5,1400,,DraftKings,DET Lions @ CAR Panthers,34118032
Jahmyr Gibbs,Rush + Receiving Yards,239.5,1840,,DraftKings,DET Lions @ CAR Panthers,34118032
Jahmyr Gibbs,Rush + Receiving Yards,249.5,2400,,DraftKings,DET Lions @ CAR Panthers,34118032
Chuba Hubbard,Rush + Receiving Yards,39.5,-2900,,DraftKings,DET Lions @ CAR Panthers,34118032
Chuba Hubbard,Rush + Receiving Yards,49.5,-1080,,DraftKings,DET Lions @ CAR Panthers,34118032
Chuba Hubbard,Rush + Receiving Yards,59.5,-534,,DraftKings,DET Lions @ CAR Panthers,34118032
Chuba Hubbard,Rush + Receiving Yards,69.5,-312,,DraftKings,DET Lions @ CAR Panthers,34118032
Chuba Hubbard,Rush + Receiving Yards,79.5,-191,,DraftKings,DET Lions @ CAR Panthers,34118032
Chuba Hubbard,Rush + Receiving Yards,89.5,-124,,DraftKings,DET Lions @ CAR Panthers,34118032
Chuba Hubbard,Rush + Receiving Yards,91.5,-114,,DraftKings,DET Lions @ CAR Panthers,34118032
Chuba Hubbard,Rush + Receiving Yards,99.5,122,,DraftKings,DET Lions @ CAR Panthers,34118032
Chuba Hubbard,Rush + Receiving Yards,109.5,178,,DraftKings,DET Lions @ CAR Panthers,34118032
Chuba Hubbard,Rush + Receiving Yards,119.5,262,,DraftKings,DET Lions @ CAR Panthers,34118032
Chuba Hubbard,Rush + Receiving Yards,129.5,368,,DraftKings,DET Lions @ CAR Panthers,34118032
Chuba Hubbard,Rush + Receiving Yards,139.5,530,,DraftKings,DET Lions @ CAR Panthers,34118032
Chuba Hubbard,Rush + Receiving Yards,149.5,760,,DraftKings,DET Lions @ CAR Panthers,34118032
Chuba Hubbard,Rush + Receiving Yards,159.5,1060,,DraftKings,DET Lions @ CAR Panthers,34118032
Chuba Hubbard,Rush + Receiving Yards,169.5,1480,,DraftKings,DET Lions @ CAR Panthers,34118032
Chuba Hubbard,Rush + Receiving Yards,179.5,2000,,DraftKings,DET Lions @ CAR Panthers,34118032
Chuba Hubbard,Rush + Receiving Yards,189.5,2700,,DraftKings,DET Lions @ CAR Panthers,34118032
Chuba Hubbard,Rush + Receiving Yards,199.5,3500,,DraftKings,DET Lions @ CAR Panthers,34118032
Jonathan Taylor,Alt Receptions,2.0,-390,,FanDuel,Indianapolis Colts @ Washington Commanders,35605982
Jonathan Taylor,Alt Receptions,3.0,-132,,FanDuel,Indianapolis Colts @ Washington Commanders,35605982
Jonathan Taylor,Alt Receptions,4.0,178,,FanDuel,Indianapolis Colts @ Washington Commanders,35605982
Jonathan Taylor,Alt Receptions,5.0,370,,FanDuel,Indianapolis Colts @ Washington Commanders,35605982
Jonathan Taylor,Alt Receptions,6.0,700,,FanDuel,Indianapolis Colts @ Washington Commanders,35605982
Jonathan Taylor,Alt Receptions,7.0,1200,,FanDuel,Indianapolis Colts @ Washington Commanders,35605982
Terry McLaurin,Alt Receptions,3.0,-670,,FanDuel,Indianapolis Colts @ Washington Commanders,35605982
Terry McLaurin,Alt Receptions,4.0,-270,,FanDuel,Indianapolis Colts @ Washington Commanders,35605982
Terry McLaurin,Alt Receptions,5.0,-118,,FanDuel,Indianapolis Colts @ Washington Commanders,35605982
Terry McLaurin,Alt Receptions,6.0,172,,FanDuel,Indianapolis Colts @ Washington Commanders,35605982
Terry McLaurin,Alt Receptions,7.0,310,,FanDuel,Indianapolis Colts @ Washington Commanders,35605982
Terry McLaurin,Alt Receptions,8.0,550,,FanDuel,Indianapolis Colts @ Washington Commanders,35605982
Terry McLaurin,Alt Receptions,9.0,920,,FanDuel,Indianapolis Colts @ Washington Commanders,35605982
Terry McLaurin,Alt Receptions,10.0,1400,,FanDuel,Indianapolis Colts @ Washington Commanders,35605982
Jonathan Taylor,Alt Receiving Yards,5.0,-800,,FanDuel,Indianapolis Colts @ Washington Commanders,35605982
Jonathan Taylor,Alt Receiving Yards,10.0,-330,,FanDuel,Indianapolis Colts @ Washington Commanders,35605982
Jonathan Taylor,Alt Receiving Yards,15.0,-192,,FanDuel,Indianapolis Colts @ Washington Commanders,35605982
Jonathan Taylor,Alt Receiving Yards,20.0,-114,,FanDuel,Indianapolis Colts @ Washington Commanders,35605982
Jonathan Taylor,Alt Receiving Yards,25.0,132,,FanDuel,Indianapolis Colts @ Washington Commanders,35605982
Jonathan Taylor,Alt Receiving Yards,30.0,188,,FanDuel,Indianapolis Colts @ Washington Commanders,35605982
Jonathan Taylor,Alt Receiving Yards,40.0,350,,FanDuel,Indianapolis Colts @ Washington Commanders,35605982
Jonathan Taylor,Alt Receiving Yards,50.0,630,,FanDuel,Indianapolis Colts @ Washington Commanders,35605982
Jonathan Taylor,Alt Receiving Yards,60.0,920,,FanDuel,Indianapolis Colts @ Washington Commanders,35605982
Jonathan Taylor,Alt Receiving Yards,70.0,1400,,FanDuel,Indianapolis Colts @ Washington Commanders,35605982
Jonathan Taylor,Alt Rushing Yards,50.0,-1100,,FanDuel,Indianapolis Colts @ Washington Commanders,35605982
Jonathan Taylor,Alt Rushing Yards,60.0,-490,,FanDuel,Indianapolis Colts @ Washington Commanders,35605982
Jonathan Taylor,Alt Rushing Yards,70.0,-300,,FanDuel,Indianapolis Colts @ Washington Commanders,35605982
Jonathan Taylor,Alt Rushing Yards,80.0,-188,,FanDuel,Indianapolis Colts @ Washington Commanders,35605982
Jonathan Taylor,Alt Rushing Yards,90.0,-118,,FanDuel,Indianapolis Colts @ Washington Commanders,35605982
Jonathan Taylor,Alt Rushing Yards,100.0,124,,FanDuel,Indianapolis Colts @ Washington Commanders,35605982
Jonathan Taylor,Alt Rushing Yards,110.0,182,,FanDuel,Indianapolis Colts @ Washington Commanders,35605982
Jonathan Taylor,Alt Rushing Yards,125.0,300,,FanDuel,Indianapolis Colts @ Washington Commanders,35605982
Jonathan Taylor,Alt Rushing Yards,150.0,640,,FanDuel,Indianapolis Colts @ Washington Commanders,35605982
Jonathan Taylor,Alt Rushing Yards,175.0,1200,,FanDuel,Indianapolis Colts @ Washington Commanders,35605982
Josh Downs,Alt Receiving Yards,25.0,-1400,,FanDuel,Indianapolis Colts @ Washington Commanders,35605982
Josh Downs,Alt Receiving Yards,30.0,-800,,FanDuel,Indianapolis Colts @ Washington Commanders,35605982
Josh Downs,Alt Receiving Yards,40.0,-400,,FanDuel,Indianapolis Colts @ Washington Commanders,35605982
Josh Downs,Alt Receiving Yards,50.0,-235,,FanDuel,Indianapolis Colts @ Washington Commanders,35605982
Josh Downs,Alt Receiving Yards,60.0,-146,,FanDuel,Indianapolis Colts @ Washington Commanders,35605982
Josh Downs,Alt Receiving Yards,70.0,108,,FanDuel,Indianapolis Colts @ Washington Commanders,35605982
Josh Downs,Alt Receiving Yards,80.0,162,,FanDuel,Indianapolis Colts @ Washington Commanders,35605982
Josh Downs,Alt Receiving Yards,90.0,230,,FanDuel,Indianapolis Colts @ Washington Commanders,35605982
Josh Downs,Alt Receiving Yards,100.0,320,,FanDuel,Indianapolis Colts @ Washington Commanders,35605982
Josh Downs,Alt Receiving Yards,110.0,430,,FanDuel,Indianapolis Colts @ Washington Commanders,35605982
Josh Downs,Alt Receiving Yards,125.0,700,,FanDuel,Indianapolis Colts @ Washington Commanders,35605982
Josh Downs,Alt Receiving Yards,150.0,1280,,FanDuel,Indianapolis Colts @ Washington Commanders,35605982
Josh Downs,Alt Receptions,3.0,-1100,,FanDuel,Indianapolis Colts @ Washington Commanders,35605982
Josh Downs,Alt Receptions,4.0,-360,,FanDuel,Indianapolis Colts @ Washington Commanders,35605982
Josh Downs,Alt Receptions,5.0,-166,,FanDuel,Indianapolis Colts @ Washington Commanders,35605982
Josh Downs,Alt Receptions,6.0,122,,FanDuel,Indianapolis Colts @ Washington Commanders,35605982
Josh Downs,Alt Receptions,7.0,225,,FanDuel,Indianapolis Colts @ Washington Commanders,35605982
Josh Downs,Alt Receptions,8.0,410,,FanDuel,Indianapolis Colts @ Washington Commanders,35605982
Josh Downs,Alt Receptions,9.0,700,,FanDuel,Indianapolis Colts @ Washington Commanders,35605982
Josh Downs,Alt Receptions,10.0,1200,,FanDuel,Indianapolis Colts @ Washington Commanders,35605982
Marcus Mariota,Alt Passing Yards,125.0,-1450,,FanDuel,Indianapolis Colts @ Washington Commanders,35605982
Marcus Mariota,Alt Passing Yards,150.0,-650,,FanDuel,Indianapolis Colts @ Washington Commanders,35605982
Marcus Mariota,Alt Passing Yards,175.0,-310,,FanDuel,Indianapolis Colts @ Washington Commanders,35605982
Marcus Mariota,Alt Passing Yards,200.0,-158,,FanDuel,Indianapolis Colts @ Washington Commanders,35605982
Marcus Mariota,Alt Passing Yards,225.0,118,,FanDuel,Indianapolis Colts @ Washington Commanders,35605982
Marcus Mariota,Alt Passing Yards,250.0,205,,FanDuel,Indianapolis Colts @ Washington Commanders,35605982
Marcus Mariota,Alt Passing Yards,275.0,370,,FanDuel,Indianapolis Colts @ Washington Commanders,35605982
Marcus Mariota,Alt Passing Yards,300.0,630,,FanDuel,Indianapolis Colts @ Washington Commanders,35605982
Marcus Mariota,Alt Passing Yards,325.0,1000,,FanDuel,Indianapolis Colts @ Washington Commanders,35605982
Marcus Mariota,Alt Passing Yards,350.0,1500,,FanDuel,Indianapolis Colts @ Washington Commanders,35605982
Keenan Allen,Alt Receiving Yards,10.0,-1100,,FanDuel,Indianapolis Colts @ Washington Commanders,35605982
Keenan Allen,Alt Receiving Yards,15.0,-550,,FanDuel,Indianapolis Colts @ Washington Commanders,35605982
Keenan Allen,Alt Receiving Yards,20.0,-320,,FanDuel,Indianapolis Colts @ Washington Commanders,35605982
Keenan Allen,Alt Receiving Yards,25.0,-220,,FanDuel,Indianapolis Colts @ Washington Commanders,35605982
Keenan Allen,Alt Receiving Yards,30.0,-154,,FanDuel,Indianapolis Colts @ Washington Commanders,35605982
Keenan Allen,Alt Receiving Yards,40.0,126,,FanDuel,Indianapolis Colts @ Washington Commanders,35605982
Keenan Allen,Alt Receiving Yards,50.0,210,,FanDuel,Indianapolis Colts @ Washington Commanders,35605982
Keenan Allen,Alt Receiving Yards,60.0,350,,FanDuel,Indianapolis Colts @ Washington Commanders,35605982
Keenan Allen,Alt Receiving Yards,70.0,550,,FanDuel,Indianapolis Colts @ Washington Commanders,35605982
Keenan Allen,Alt Receiving Yards,80.0,800,,FanDuel,Indianapolis Colts @ Washington Commanders,35605982
Keenan Allen,Alt Receiving Yards,90.0,1100,,FanDuel,Indianapolis Colts @ Washington Commanders,35605982
Keenan Allen,Alt Receiving Yards,100.0,1500,,FanDuel,Indianapolis Colts @ Washington Commanders,35605982
Daniel Jones,Alt Rushing Yards,5.0,-350,,FanDuel,Indianapolis Colts @ Washington Commanders,35605982
Daniel Jones,Alt Rushing Yards,10.0,-154,,FanDuel,Indianapolis Colts @ Washington Commanders,35605982
Daniel Jones,Alt Rushing Yards,15.0,128,,FanDuel,Indianapolis Colts @ Washington Commanders,35605982
Daniel Jones,Alt Rushing Yards,20.0,220,,FanDuel,Indianapolis Colts @ Washington Commanders,35605982
Daniel Jones,Alt Rushing Yards,25.0,350,,FanDuel,Indianapolis Colts @ Washington Commanders,35605982
Daniel Jones,Alt Rushing Yards,30.0,550,,FanDuel,Indianapolis Colts @ Washington Commanders,35605982
Tyler Warren,Alt Receiving Yards,20.0,-1000,,FanDuel,Indianapolis Colts @ Washington Commanders,35605982
Tyler Warren,Alt Receiving Yards,25.0,-580,,FanDuel,Indianapolis Colts @ Washington Commanders,35605982
Tyler Warren,Alt Receiving Yards,30.0,-360,,FanDuel,Indianapolis Colts @ Washington Commanders,35605982
Tyler Warren,Alt Receiving Yards,40.0,-180,,FanDuel,Indianapolis Colts @ Washington Commanders,35605982
Tyler Warren,Alt Receiving Yards,50.0,104,,FanDuel,Indianapolis Colts @ Washington Commanders,35605982
Tyler Warren,Alt Receiving Yards,60.0,178,,FanDuel,Indianapolis Colts @ Washington Commanders,35605982
Tyler Warren,Alt Receiving Yards,70.0,290,,FanDuel,Indianapolis Colts @ Washington Commanders,35605982
Tyler Warren,Alt Receiving Yards,80.0,450,,FanDuel,Indianapolis Colts @ Washington Commanders,35605982
Tyler Warren,Alt Receiving Yards,90.0,680,,FanDuel,Indianapolis Colts @ Washington Commanders,35605982
Tyler Warren,Alt Receiving Yards,100.0,920,,FanDuel,Indianapolis Colts @ Washington Commanders,35605982
Tyler Warren,Alt Receiving Yards,110.0,1400,,FanDuel,Indianapolis Colts @ Washington Commanders,35605982
Stefon Diggs,Alt Receiving Yards,15.0,-1000,,FanDuel,Indianapolis Colts @ Washington Commanders,35605982
Stefon Diggs,Alt Receiving Yards,20.0,-550,,FanDuel,Indianapolis Colts @ Washington Commanders,35605982
Stefon Diggs,Alt Receiving Yards,25.0,-340,,FanDuel,Indianapolis Colts @ Washington Commanders,35605982
Stefon Diggs,Alt Receiving Yards,30.0,-245,,FanDuel,Indianapolis Colts @ Washington Commanders,35605982
Stefon Diggs,Alt Receiving Yards,40.0,-130,,FanDuel,Indianapolis Colts @ Washington Commanders,35605982
Stefon Diggs,Alt Receiving Yards,50.0,136,,FanDuel,Indianapolis Colts @ Washington Commanders,35605982
Stefon Diggs,Alt Receiving Yards,60.0,220,,FanDuel,Indianapolis Colts @ Washington Commanders,35605982
Stefon Diggs,Alt Receiving Yards,70.0,320,,FanDuel,Indianapolis Colts @ Washington Commanders,35605982
Stefon Diggs,Alt Receiving Yards,80.0,520,,FanDuel,Indianapolis Colts @ Washington Commanders,35605982
Stefon Diggs,Alt Receiving Yards,90.0,750,,FanDuel,Indianapolis Colts @ Washington Commanders,35605982
Stefon Diggs,Alt Receiving Yards,100.0,1000,,FanDuel,Indianapolis Colts @ Washington Commanders,35605982
Stefon Diggs,Alt Receiving Yards,110.0,1400,,FanDuel,Indianapolis Colts @ Washington Commanders,35605982
Jacory Croskey-Merritt,Alt Rushing Yards,25.0,-1100,,FanDuel,Indianapolis Colts @ Washington Commanders,35605982
Jacory Croskey-Merritt,Alt Rushing Yards,30.0,-600,,FanDuel,Indianapolis Colts @ Washington Commanders,35605982
Jacory Croskey-Merritt,Alt Rushing Yards,40.0,-275,,FanDuel,Indianapolis Colts @ Washington Commanders,35605982
Jacory Croskey-Merritt,Alt Rushing Yards,50.0,-152,,FanDuel,Indianapolis Colts @ Washington Commanders,35605982
Jacory Croskey-Merritt,Alt Rushing Yards,60.0,114,,FanDuel,Indianapolis Colts @ Washington Commanders,35605982
Jacory Croskey-Merritt,Alt Rushing Yards,70.0,182,,FanDuel,Indianapolis Colts @ Washington Commanders,35605982
Jacory Croskey-Merritt,Alt Rushing Yards,80.0,270,,FanDuel,Indianapolis Colts @ Washington Commanders,35605982
Jacory Croskey-Merritt,Alt Rushing Yards,90.0,390,,FanDuel,Indianapolis Colts @ Washington Commanders,35605982
Jacory Croskey-Merritt,Alt Rushing Yards,100.0,550,,FanDuel,Indianapolis Colts @ Washington Commanders,35605982
Jacory Croskey-Merritt,Alt Rushing Yards,110.0,750,,FanDuel,Indianapolis Colts @ Washington Commanders,35605982
Jacory Croskey-Merritt,Alt Rushing Yards,125.0,1200,,FanDuel,Indianapolis Colts @ Washington Commanders,35605982
Stefon Diggs,Alt Receptions,3.0,-470,,FanDuel,Indianapolis Colts @ Washington Commanders,35605982
Stefon Diggs,Alt Receptions,4.0,-192,,FanDuel,Indianapolis Colts @ Washington Commanders,35605982
Stefon Diggs,Alt Receptions,5.0,116,,FanDuel,Indianapolis Colts @ Washington Commanders,35605982
Stefon Diggs,Alt Receptions,6.0,225,,FanDuel,Indianapolis Colts @ Washington Commanders,35605982
Stefon Diggs,Alt Receptions,7.0,410,,FanDuel,Indianapolis Colts @ Washington Commanders,35605982
Stefon Diggs,Alt Receptions,8.0,750,,FanDuel,Indianapolis Colts @ Washington Commanders,35605982
Stefon Diggs,Alt Receptions,9.0,1200,,FanDuel,Indianapolis Colts @ Washington Commanders,35605982
Marcus Mariota,Alt Rushing Yards,10.0,-1200,,FanDuel,Indianapolis Colts @ Washington Commanders,35605982
Marcus Mariota,Alt Rushing Yards,15.0,-470,,FanDuel,Indianapolis Colts @ Washington Commanders,35605982
Marcus Mariota,Alt Rushing Yards,20.0,-250,,FanDuel,Indianapolis Colts @ Washington Commanders,35605982
Marcus Mariota,Alt Rushing Yards,25.0,-154,,FanDuel,Indianapolis Colts @ Washington Commanders,35605982
Marcus Mariota,Alt Rushing Yards,30.0,104,,FanDuel,Indianapolis Colts @ Washington Commanders,35605982
Marcus Mariota,Alt Rushing Yards,40.0,220,,FanDuel,Indianapolis Colts @ Washington Commanders,35605982
Marcus Mariota,Alt Rushing Yards,50.0,400,,FanDuel,Indianapolis Colts @ Washington Commanders,35605982
Marcus Mariota,Alt Rushing Yards,60.0,750,,FanDuel,Indianapolis Colts @ Washington Commanders,35605982
Daniel Jones,Alt Passing Yards,150.0,-900,,FanDuel,Indianapolis Colts @ Washington Commanders,35605982
Daniel Jones,Alt Passing Yards,175.0,-420,,FanDuel,Indianapolis Colts @ Washington Commanders,35605982
Daniel Jones,Alt Passing Yards,200.0,-220,,FanDuel,Indianapolis Colts @ Washington Commanders,35605982
Daniel Jones,Alt Passing Yards,225.0,-114,,FanDuel,Indianapolis Colts @ Washington Commanders,35605982
Daniel Jones,Alt Passing Yards,250.0,158,,FanDuel,Indianapolis Colts @ Washington Commanders,35605982
Daniel Jones,Alt Passing Yards,275.0,280,,FanDuel,Indianapolis Colts @ Washington Commanders,35605982
Daniel Jones,Alt Passing Yards,300.0,490,,FanDuel,Indianapolis Colts @ Washington Commanders,35605982
Daniel Jones,Alt Passing Yards,325.0,850,,FanDuel,Indianapolis Colts @ Washington Commanders,35605982
Daniel Jones,Alt Passing Yards,350.0,1260,,FanDuel,Indianapolis Colts @ Washington Commanders,35605982
Tyler Warren,Alt Receptions,3.0,-1450,,FanDuel,Indianapolis Colts @ Washington Commanders,35605982
Tyler Warren,Alt Receptions,4.0,-450,,FanDuel,Indianapolis Colts @ Washington Commanders,35605982
Tyler Warren,Alt Receptions,5.0,-210,,FanDuel,Indianapolis Colts @ Washington Commanders,35605982
Tyler Warren,Alt Receptions,6.0,-102,,FanDuel,Indianapolis Colts @ Washington Commanders,35605982
Tyler Warren,Alt Receptions,7.0,178,,FanDuel,Indianapolis Colts @ Washington Commanders,35605982
Tyler Warren,Alt Receptions,8.0,310,,FanDuel,Indianapolis Colts @ Washington Commanders,35605982
Tyler Warren,Alt Receptions,9.0,520,,FanDuel,Indianapolis Colts @ Washington Commanders,35605982
Tyler Warren,Alt Receptions,10.0,850,,FanDuel,Indianapolis Colts @ Washington Commanders,35605982
Tyler Warren,Alt Receptions,11.0,1260,,FanDuel,Indianapolis Colts @ Washington Commanders,35605982
Terry McLaurin,Alt Receiving Yards,20.0,-1400,,FanDuel,Indianapolis Colts @ Washington Commanders,35605982
Terry McLaurin,Alt Receiving Yards,25.0,-750,,FanDuel,Indianapolis Colts @ Washington Commanders,35605982
Terry McLaurin,Alt Receiving Yards,30.0,-490,,FanDuel,Indianapolis Colts @ Washington Commanders,35605982
Terry McLaurin,Alt Receiving Yards,40.0,-260,,FanDuel,Indianapolis Colts @ Washington Commanders,35605982
Terry McLaurin,Alt Receiving Yards,50.0,-154,,FanDuel,Indianapolis Colts @ Washington Commanders,35605982
Terry McLaurin,Alt Receiving Yards,60.0,104,,FanDuel,Indianapolis Colts @ Washington Commanders,35605982
Terry McLaurin,Alt Receiving Yards,70.0,162,,FanDuel,Indianapolis Colts @ Washington Commanders,35605982
Terry McLaurin,Alt Receiving Yards,80.0,230,,FanDuel,Indianapolis Colts @ Washington Commanders,35605982
Terry McLaurin,Alt Receiving Yards,90.0,320,,FanDuel,Indianapolis Colts @ Washington Commanders,35605982
Terry McLaurin,Alt Receiving Yards,100.0,490,,FanDuel,Indianapolis Colts @ Washington Commanders,35605982
Terry McLaurin,Alt Receiving Yards,110.0,640,,FanDuel,Indianapolis Colts @ Washington Commanders,35605982
Terry McLaurin,Alt Receiving Yards,125.0,1000,,FanDuel,Indianapolis Colts @ Washington Commanders,35605982
Keenan Allen,Alt Receptions,2.0,-900,,FanDuel,Indianapolis Colts @ Washington Commanders,35605982
Keenan Allen,Alt Receptions,3.0,-275,,FanDuel,Indianapolis Colts @ Washington Commanders,35605982
Keenan Allen,Alt Receptions,4.0,-110,,FanDuel,Indianapolis Colts @ Washington Commanders,35605982
Keenan Allen,Alt Receptions,5.0,194,,FanDuel,Indianapolis Colts @ Washington Commanders,35605982
Keenan Allen,Alt Receptions,6.0,390,,FanDuel,Indianapolis Colts @ Washington Commanders,35605982
Keenan Allen,Alt Receptions,7.0,700,,FanDuel,Indianapolis Colts @ Washington Commanders,35605982
Keenan Allen,Alt Receptions,8.0,1200,,FanDuel,Indianapolis Colts @ Washington Commanders,35605982
Harold Fannin Jr.,Alt Receiving Yards,15.0,-1200,,FanDuel,Pittsburgh Steelers @ Cleveland Browns,36104915
Harold Fannin Jr.,Alt Receiving Yards,20.0,-580,,FanDuel,Pittsburgh Steelers @ Cleveland Browns,36104915
Harold Fannin Jr.,Alt Receiving Yards,25.0,-360,,FanDuel,Pittsburgh Steelers @ Cleveland Browns,36104915
Harold Fannin Jr.,Alt Receiving Yards,30.0,-245,,FanDuel,Pittsburgh Steelers @ Cleveland Browns,36104915
Harold Fannin Jr.,Alt Receiving Yards,40.0,-125,,FanDuel,Pittsburgh Steelers @ Cleveland Browns,36104915
Harold Fannin Jr.,Alt Receiving Yards,50.0,146,,FanDuel,Pittsburgh Steelers @ Cleveland Browns,36104915
Harold Fannin Jr.,Alt Receiving Yards,60.0,235,,FanDuel,Pittsburgh Steelers @ Cleveland Browns,36104915
Harold Fannin Jr.,Alt Receiving Yards,70.0,390,,FanDuel,Pittsburgh Steelers @ Cleveland Browns,36104915
Harold Fannin Jr.,Alt Receiving Yards,80.0,630,,FanDuel,Pittsburgh Steelers @ Cleveland Browns,36104915
Harold Fannin Jr.,Alt Receiving Yards,90.0,880,,FanDuel,Pittsburgh Steelers @ Cleveland Browns,36104915
Harold Fannin Jr.,Alt Receiving Yards,100.0,1280,,FanDuel,Pittsburgh Steelers @ Cleveland Browns,36104915
Harold Fannin Jr.,Alt Receiving Yards,110.0,1700,,FanDuel,Pittsburgh Steelers @ Cleveland Browns,36104915
Aaron Rodgers,Alt Passing Yards,125.0,-1800,,FanDuel,Pittsburgh Steelers @ Cleveland Browns,36104915
Aaron Rodgers,Alt Passing Yards,150.0,-670,,FanDuel,Pittsburgh Steelers @ Cleveland Browns,36104915
Aaron Rodgers,Alt Passing Yards,175.0,-320,,FanDuel,Pittsburgh Steelers @ Cleveland Browns,36104915
Aaron Rodgers,Alt Passing Yards,200.0,-162,,FanDuel,Pittsburgh Steelers @ Cleveland Browns,36104915
Aaron Rodgers,Alt Passing Yards,225.0,118,,FanDuel,Pittsburgh Steelers @ Cleveland Browns,36104915
Aaron Rodgers,Alt Passing Yards,250.0,210,,FanDuel,Pittsburgh Steelers @ Cleveland Browns,36104915
Aaron Rodgers,Alt Passing Yards,275.0,390,,FanDuel,Pittsburgh Steelers @ Cleveland Browns,36104915
Aaron Rodgers,Alt Passing Yards,300.0,680,,FanDuel,Pittsburgh Steelers @ Cleveland Browns,36104915
Aaron Rodgers,Alt Passing Yards,325.0,1100,,FanDuel,Pittsburgh Steelers @ Cleveland Browns,36104915
Quinshon Judkins,Alt Rushing Yards,25.0,-1400,,FanDuel,Pittsburgh Steelers @ Cleveland Browns,36104915
Quinshon Judkins,Alt Rushing Yards,30.0,-700,,FanDuel,Pittsburgh Steelers @ Cleveland Browns,36104915
Quinshon Judkins,Alt Rushing Yards,40.0,-310,,FanDuel,Pittsburgh Steelers @ Cleveland Browns,36104915
Quinshon Judkins,Alt Rushing Yards,50.0,-162,,FanDuel,Pittsburgh Steelers @ Cleveland Browns,36104915
Quinshon Judkins,Alt Rushing Yards,60.0,108,,FanDuel,Pittsburgh Steelers @ Cleveland Browns,36104915
Quinshon Judkins,Alt Rushing Yards,70.0,174,,FanDuel,Pittsburgh Steelers @ Cleveland Browns,36104915
Quinshon Judkins,Alt Rushing Yards,80.0,270,,FanDuel,Pittsburgh Steelers @ Cleveland Browns,36104915
Quinshon Judkins,Alt Rushing Yards,90.0,390,,FanDuel,Pittsburgh Steelers @ Cleveland Browns,36104915
Quinshon Judkins,Alt Rushing Yards,100.0,580,,FanDuel,Pittsburgh Steelers @ Cleveland Browns,36104915
Quinshon Judkins,Alt Rushing Yards,110.0,800,,FanDuel,Pittsburgh Steelers @ Cleveland Browns,36104915
Quinshon Judkins,Alt Rushing Yards,125.0,1260,,FanDuel,Pittsburgh Steelers @ Cleveland Browns,36104915
DK Metcalf,Alt Receiving Yards,10.0,-1450,,FanDuel,Pittsburgh Steelers @ Cleveland Browns,36104915
DK Metcalf,Alt Receiving Yards,15.0,-750,,FanDuel,Pittsburgh Steelers @ Cleveland Browns,36104915
DK Metcalf,Alt Receiving Yards,20.0,-470,,FanDuel,Pittsburgh Steelers @ Cleveland Browns,36104915
DK Metcalf,Alt Receiving Yards,25.0,-320,,FanDuel,Pittsburgh Steelers @ Cleveland Browns,36104915
DK Metcalf,Alt Receiving Yards,30.0,-230,,FanDuel,Pittsburgh Steelers @ Cleveland Browns,36104915
DK Metcalf,Alt Receiving Yards,40.0,-130,,FanDuel,Pittsburgh Steelers @ Cleveland Browns,36104915
DK Metcalf,Alt Receiving Yards,50.0,130,,FanDuel,Pittsburgh Steelers @ Cleveland Browns,36104915
DK Metcalf,Alt Receiving Yards,60.0,194,,FanDuel,Pittsburgh Steelers @ Cleveland Browns,36104915
DK Metcalf,Alt Receiving Yards,70.0,290,,FanDuel,Pittsburgh Steelers @ Cleveland Browns,36104915
DK Metcalf,Alt Receiving Yards,80.0,400,,FanDuel,Pittsburgh Steelers @ Cleveland Browns,36104915
DK Metcalf,Alt Receiving Yards,90.0,580,,FanDuel,Pittsburgh Steelers @ Cleveland Browns,36104915
DK Metcalf,Alt Receiving Yards,100.0,750,,FanDuel,Pittsburgh Steelers @ Cleveland Browns,36104915
DK Metcalf,Alt Receiving Yards,110.0,1000,,FanDuel,Pittsburgh Steelers @ Cleveland Browns,36104915
DK Metcalf,Alt Receiving Yards,125.0,1400,,FanDuel,Pittsburgh Steelers @ Cleveland Browns,36104915
Jerry Jeudy,Alt Receiving Yards,5.0,-280,,FanDuel,Pittsburgh Steelers @ Cleveland Browns,36104915
Jerry Jeudy,Alt Receiving Yards,10.0,-166,,FanDuel,Pittsburgh Steelers @ Cleveland Browns,36104915
Jerry Jeudy,Alt Receiving Yards,15.0,-104,,FanDuel,Pittsburgh Steelers @ Cleveland Browns,36104915
Jerry Jeudy,Alt Receiving Yards,20.0,142,,FanDuel,Pittsburgh Steelers @ Cleveland Browns,36104915
Jerry Jeudy,Alt Receiving Yards,25.0,194,,FanDuel,Pittsburgh Steelers @ Cleveland Browns,36104915
Jerry Jeudy,Alt Receiving Yards,30.0,265,,FanDuel,Pittsburgh Steelers @ Cleveland Browns,36104915
Jerry Jeudy,Alt Receiving Yards,40.0,410,,FanDuel,Pittsburgh Steelers @ Cleveland Browns,36104915
Jerry Jeudy,Alt Receiving Yards,50.0,640,,FanDuel,Pittsburgh Steelers @ Cleveland Browns,36104915
Jerry Jeudy,Alt Receiving Yards,60.0,920,,FanDuel,Pittsburgh Steelers @ Cleveland Browns,36104915
Darnell Washington,Alt Receptions,1.0,-1000,,FanDuel,Pittsburgh Steelers @ Cleveland Browns,36104915
Darnell Washington,Alt Receptions,2.0,-188,,FanDuel,Pittsburgh Steelers @ Cleveland Browns,36104915
Darnell Washington,Alt Receptions,3.0,164,,FanDuel,Pittsburgh Steelers @ Cleveland Browns,36104915
Darnell Washington,Alt Receptions,4.0,400,,FanDuel,Pittsburgh Steelers @ Cleveland Browns,36104915
Darnell Washington,Alt Receptions,5.0,880,,FanDuel,Pittsburgh Steelers @ Cleveland Browns,36104915
Deshaun Watson,Alt Rushing Yards,25.0,-186,,FanDuel,Pittsburgh Steelers @ Cleveland Browns,36104915
Deshaun Watson,Alt Rushing Yards,40.0,182,,FanDuel,Pittsburgh Steelers @ Cleveland Browns,36104915
Deshaun Watson,Alt Rushing Yards,50.0,350,,FanDuel,Pittsburgh Steelers @ Cleveland Browns,36104915
Deshaun Watson,Alt Rushing Yards,60.0,580,,FanDuel,Pittsburgh Steelers @ Cleveland Browns,36104915
Deshaun Watson,Alt Rushing Yards,70.0,920,,FanDuel,Pittsburgh Steelers @ Cleveland Browns,36104915
Deshaun Watson,Alt Rushing Yards,80.0,1280,,FanDuel,Pittsburgh Steelers @ Cleveland Browns,36104915
Quinshon Judkins,Alt Receiving Yards,5.0,-380,,FanDuel,Pittsburgh Steelers @ Cleveland Browns,36104915
Quinshon Judkins,Alt Receiving Yards,10.0,-168,,FanDuel,Pittsburgh Steelers @ Cleveland Browns,36104915
Quinshon Judkins,Alt Receiving Yards,15.0,108,,FanDuel,Pittsburgh Steelers @ Cleveland Browns,36104915
Quinshon Judkins,Alt Receiving Yards,20.0,178,,FanDuel,Pittsburgh Steelers @ Cleveland Browns,36104915
Quinshon Judkins,Alt Receiving Yards,25.0,270,,FanDuel,Pittsburgh Steelers @ Cleveland Browns,36104915
Quinshon Judkins,Alt Receiving Yards,30.0,390,,FanDuel,Pittsburgh Steelers @ Cleveland Browns,36104915
Quinshon Judkins,Alt Receiving Yards,40.0,750,,FanDuel,Pittsburgh Steelers @ Cleveland Browns,36104915
Quinshon Judkins,Alt Receiving Yards,50.0,1200,,FanDuel,Pittsburgh Steelers @ Cleveland Browns,36104915
Quinshon Judkins,Alt Receptions,1.0,-1100,,FanDuel,Pittsburgh Steelers @ Cleveland Browns,36104915
Quinshon Judkins,Alt Receptions,2.0,-215,,FanDuel,Pittsburgh Steelers @ Cleveland Browns,36104915
Quinshon Judkins,Alt Receptions,3.0,138,,FanDuel,Pittsburgh Steelers @ Cleveland Browns,36104915
Quinshon Judkins,Alt Receptions,4.0,320,,FanDuel,Pittsburgh Steelers @ Cleveland Browns,36104915
Quinshon Judkins,Alt Receptions,5.0,680,,FanDuel,Pittsburgh Steelers @ Cleveland Browns,36104915
Quinshon Judkins,Alt Receptions,6.0,1200,,FanDuel,Pittsburgh Steelers @ Cleveland Browns,36104915
Darnell Washington,Alt Receiving Yards,5.0,-470,,FanDuel,Pittsburgh Steelers @ Cleveland Browns,36104915
Darnell Washington,Alt Receiving Yards,10.0,-225,,FanDuel,Pittsburgh Steelers @ Cleveland Browns,36104915
Darnell Washington,Alt Receiving Yards,15.0,-130,,FanDuel,Pittsburgh Steelers @ Cleveland Browns,36104915
Darnell Washington,Alt Receiving Yards,20.0,128,,FanDuel,Pittsburgh Steelers @ Cleveland Browns,36104915
Darnell Washington,Alt Receiving Yards,25.0,194,,FanDuel,Pittsburgh Steelers @ Cleveland Browns,36104915
Darnell Washington,Alt Receiving Yards,30.0,280,,FanDuel,Pittsburgh Steelers @ Cleveland Browns,36104915
Darnell Washington,Alt Receiving Yards,40.0,550,,FanDuel,Pittsburgh Steelers @ Cleveland Browns,36104915
Darnell Washington,Alt Receiving Yards,50.0,880,,FanDuel,Pittsburgh Steelers @ Cleveland Browns,36104915
Roman Wilson,Alt Receptions,2.0,-320,,FanDuel,Pittsburgh Steelers @ Cleveland Browns,36104915
Roman Wilson,Alt Receptions,3.0,-104,,FanDuel,Pittsburgh Steelers @ Cleveland Browns,36104915
Roman Wilson,Alt Receptions,4.0,230,,FanDuel,Pittsburgh Steelers @ Cleveland Browns,36104915
Roman Wilson,Alt Receptions,5.0,520,,FanDuel,Pittsburgh Steelers @ Cleveland Browns,36104915
Jerry Jeudy,Alt Receptions,1.0,-390,,FanDuel,Pittsburgh Steelers @ Cleveland Browns,36104915
Jerry Jeudy,Alt Receptions,2.0,124,,FanDuel,Pittsburgh Steelers @ Cleveland Browns,36104915
Jerry Jeudy,Alt Receptions,3.0,370,,FanDuel,Pittsburgh Steelers @ Cleveland Browns,36104915
Jerry Jeudy,Alt Receptions,4.0,920,,FanDuel,Pittsburgh Steelers @ Cleveland Browns,36104915
Jaylen Warren,Alt Receptions,2.0,-670,,FanDuel,Pittsburgh Steelers @ Cleveland Browns,36104915
Jaylen Warren,Alt Receptions,3.0,-215,,FanDuel,Pittsburgh Steelers @ Cleveland Browns,36104915
Jaylen Warren,Alt Receptions,4.0,116,,FanDuel,Pittsburgh Steelers @ Cleveland Browns,36104915
Jaylen Warren,Alt Receptions,5.0,235,,FanDuel,Pittsburgh Steelers @ Cleveland Browns,36104915
Jaylen Warren,Alt Receptions,6.0,450,,FanDuel,Pittsburgh Steelers @ Cleveland Browns,36104915
Jaylen Warren,Alt Receptions,7.0,800,,FanDuel,Pittsburgh Steelers @ Cleveland Browns,36104915
Jaylen Warren,Alt Receptions,8.0,1280,,FanDuel,Pittsburgh Steelers @ Cleveland Browns,36104915
Pat Freiermuth,Alt Receiving Yards,10.0,-800,,FanDuel,Pittsburgh Steelers @ Cleveland Browns,36104915
Pat Freiermuth,Alt Receiving Yards,15.0,-420,,FanDuel,Pittsburgh Steelers @ Cleveland Browns,36104915
Pat Freiermuth,Alt Receiving Yards,20.0,-245,,FanDuel,Pittsburgh Steelers @ Cleveland Browns,36104915
Pat Freiermuth,Alt Receiving Yards,25.0,-158,,FanDuel,Pittsburgh Steelers @ Cleveland Browns,36104915
Pat Freiermuth,Alt Receiving Yards,30.0,-106,,FanDuel,Pittsburgh Steelers @ Cleveland Browns,36104915
Pat Freiermuth,Alt Receiving Yards,40.0,182,,FanDuel,Pittsburgh Steelers @ Cleveland Browns,36104915
Pat Freiermuth,Alt Receiving Yards,50.0,320,,FanDuel,Pittsburgh Steelers @ Cleveland Browns,36104915
Pat Freiermuth,Alt Receiving Yards,60.0,550,,FanDuel,Pittsburgh Steelers @ Cleveland Browns,36104915
Pat Freiermuth,Alt Receiving Yards,70.0,880,,FanDuel,Pittsburgh Steelers @ Cleveland Browns,36104915
Pat Freiermuth,Alt Receiving Yards,80.0,1260,,FanDuel,Pittsburgh Steelers @ Cleveland Browns,36104915
Aaron Rodgers,Alt Rushing Yards,5.0,142,,FanDuel,Pittsburgh Steelers @ Cleveland Browns,36104915
Aaron Rodgers,Alt Rushing Yards,10.0,300,,FanDuel,Pittsburgh Steelers @ Cleveland Browns,36104915
Aaron Rodgers,Alt Rushing Yards,15.0,580,,FanDuel,Pittsburgh Steelers @ Cleveland Browns,36104915
Aaron Rodgers,Alt Rushing Yards,20.0,880,,FanDuel,Pittsburgh Steelers @ Cleveland Browns,36104915
Pat Freiermuth,Alt Receptions,2.0,-900,,FanDuel,Pittsburgh Steelers @ Cleveland Browns,36104915
Pat Freiermuth,Alt Receptions,3.0,-260,,FanDuel,Pittsburgh Steelers @ Cleveland Browns,36104915
Pat Freiermuth,Alt Receptions,4.0,-104,,FanDuel,Pittsburgh Steelers @ Cleveland Browns,36104915
Pat Freiermuth,Alt Receptions,5.0,200,,FanDuel,Pittsburgh Steelers @ Cleveland Browns,36104915
Pat Freiermuth,Alt Receptions,6.0,390,,FanDuel,Pittsburgh Steelers @ Cleveland Browns,36104915
Pat Freiermuth,Alt Receptions,7.0,750,,FanDuel,Pittsburgh Steelers @ Cleveland Browns,36104915
Pat Freiermuth,Alt Receptions,8.0,1200,,FanDuel,Pittsburgh Steelers @ Cleveland Browns,36104915
DK Metcalf,Alt Receptions,2.0,-1000,,FanDuel,Pittsburgh Steelers @ Cleveland Browns,36104915
DK Metcalf,Alt Receptions,3.0,-290,,FanDuel,Pittsburgh Steelers @ Cleveland Browns,36104915
DK Metcalf,Alt Receptions,4.0,-122,,FanDuel,Pittsburgh Steelers @ Cleveland Browns,36104915
DK Metcalf,Alt Receptions,5.0,168,,FanDuel,Pittsburgh Steelers @ Cleveland Browns,36104915
DK Metcalf,Alt Receptions,6.0,310,,FanDuel,Pittsburgh Steelers @ Cleveland Browns,36104915
DK Metcalf,Alt Receptions,7.0,550,,FanDuel,Pittsburgh Steelers @ Cleveland Browns,36104915
DK Metcalf,Alt Receptions,8.0,880,,FanDuel,Pittsburgh Steelers @ Cleveland Browns,36104915
DK Metcalf,Alt Receptions,9.0,1280,,FanDuel,Pittsburgh Steelers @ Cleveland Browns,36104915
Michael Pittman Jr.,Alt Receiving Yards,10.0,-1200,,FanDuel,Pittsburgh Steelers @ Cleveland Browns,36104915
Michael Pittman Jr.,Alt Receiving Yards,15.0,-580,,FanDuel,Pittsburgh Steelers @ Cleveland Browns,36104915
Michael Pittman Jr.,Alt Receiving Yards,20.0,-340,,FanDuel,Pittsburgh Steelers @ Cleveland Browns,36104915
Michael Pittman Jr.,Alt Receiving Yards,25.0,-230,,FanDuel,Pittsburgh Steelers @ Cleveland Browns,36104915
Michael Pittman Jr.,Alt Receiving Yards,30.0,-158,,FanDuel,Pittsburgh Steelers @ Cleveland Browns,36104915
Michael Pittman Jr.,Alt Receiving Yards,40.0,116,,FanDuel,Pittsburgh Steelers @ Cleveland Browns,36104915
Michael Pittman Jr.,Alt Receiving Yards,50.0,194,,FanDuel,Pittsburgh Steelers @ Cleveland Browns,36104915
Michael Pittman Jr.,Alt Receiving Yards,60.0,310,,FanDuel,Pittsburgh Steelers @ Cleveland Browns,36104915
Michael Pittman Jr.,Alt Receiving Yards,70.0,470,,FanDuel,Pittsburgh Steelers @ Cleveland Browns,36104915
Michael Pittman Jr.,Alt Receiving Yards,80.0,680,,FanDuel,Pittsburgh Steelers @ Cleveland Browns,36104915
Michael Pittman Jr.,Alt Receiving Yards,90.0,920,,FanDuel,Pittsburgh Steelers @ Cleveland Browns,36104915
Michael Pittman Jr.,Alt Receiving Yards,100.0,1280,,FanDuel,Pittsburgh Steelers @ Cleveland Browns,36104915
Michael Pittman Jr.,Alt Receptions,2.0,-800,,FanDuel,Pittsburgh Steelers @ Cleveland Browns,36104915
Michael Pittman Jr.,Alt Receptions,3.0,-245,,FanDuel,Pittsburgh Steelers @ Cleveland Browns,36104915
Michael Pittman Jr.,Alt Receptions,4.0,104,,FanDuel,Pittsburgh Steelers @ Cleveland Browns,36104915
Michael Pittman Jr.,Alt Receptions,5.0,225,,FanDuel,Pittsburgh Steelers @ Cleveland Browns,36104915
Michael Pittman Jr.,Alt Receptions,6.0,430,,FanDuel,Pittsburgh Steelers @ Cleveland Browns,36104915
Michael Pittman Jr.,Alt Receptions,7.0,850,,FanDuel,Pittsburgh Steelers @ Cleveland Browns,36104915
Michael Pittman Jr.,Alt Receptions,8.0,1400,,FanDuel,Pittsburgh Steelers @ Cleveland Browns,36104915
Deshaun Watson,Alt Passing Yards,150.0,-330,,FanDuel,Pittsburgh Steelers @ Cleveland Browns,36104915
Deshaun Watson,Alt Passing Yards,175.0,-162,,FanDuel,Pittsburgh Steelers @ Cleveland Browns,36104915
Deshaun Watson,Alt Passing Yards,200.0,118,,FanDuel,Pittsburgh Steelers @ Cleveland Browns,36104915
Deshaun Watson,Alt Passing Yards,225.0,210,,FanDuel,Pittsburgh Steelers @ Cleveland Browns,36104915
Deshaun Watson,Alt Passing Yards,250.0,370,,FanDuel,Pittsburgh Steelers @ Cleveland Browns,36104915
Deshaun Watson,Alt Passing Yards,275.0,640,,FanDuel,Pittsburgh Steelers @ Cleveland Browns,36104915
Deshaun Watson,Alt Passing Yards,300.0,1100,,FanDuel,Pittsburgh Steelers @ Cleveland Browns,36104915
Raheim Sanders,Alt Receiving Yards,5.0,-360,,FanDuel,Pittsburgh Steelers @ Cleveland Browns,36104915
Raheim Sanders,Alt Receiving Yards,10.0,-166,,FanDuel,Pittsburgh Steelers @ Cleveland Browns,36104915
Raheim Sanders,Alt Receiving Yards,15.0,110,,FanDuel,Pittsburgh Steelers @ Cleveland Browns,36104915
Raheim Sanders,Alt Receiving Yards,20.0,178,,FanDuel,Pittsburgh Steelers @ Cleveland Browns,36104915
Raheim Sanders,Alt Receiving Yards,25.0,270,,FanDuel,Pittsburgh Steelers @ Cleveland Browns,36104915
Raheim Sanders,Alt Receiving Yards,30.0,390,,FanDuel,Pittsburgh Steelers @ Cleveland Browns,36104915
Raheim Sanders,Alt Receiving Yards,40.0,700,,FanDuel,Pittsburgh Steelers @ Cleveland Browns,36104915
Harold Fannin Jr.,Alt Receptions,3.0,-670,,FanDuel,Pittsburgh Steelers @ Cleveland Browns,36104915
Harold Fannin Jr.,Alt Receptions,4.0,-250,,FanDuel,Pittsburgh Steelers @ Cleveland Browns,36104915
Harold Fannin Jr.,Alt Receptions,5.0,-118,,FanDuel,Pittsburgh Steelers @ Cleveland Browns,36104915
Harold Fannin Jr.,Alt Receptions,6.0,168,,FanDuel,Pittsburgh Steelers @ Cleveland Browns,36104915
Harold Fannin Jr.,Alt Receptions,7.0,310,,FanDuel,Pittsburgh Steelers @ Cleveland Browns,36104915
Harold Fannin Jr.,Alt Receptions,8.0,550,,FanDuel,Pittsburgh Steelers @ Cleveland Browns,36104915
Harold Fannin Jr.,Alt Receptions,9.0,880,,FanDuel,Pittsburgh Steelers @ Cleveland Browns,36104915
Harold Fannin Jr.,Alt Receptions,10.0,1400,,FanDuel,Pittsburgh Steelers @ Cleveland Browns,36104915
Roman Wilson,Alt Receiving Yards,5.0,-1000,,FanDuel,Pittsburgh Steelers @ Cleveland Browns,36104915
Roman Wilson,Alt Receiving Yards,10.0,-420,,FanDuel,Pittsburgh Steelers @ Cleveland Browns,36104915
Roman Wilson,Alt Receiving Yards,15.0,-240,,FanDuel,Pittsburgh Steelers @ Cleveland Browns,36104915
Roman Wilson,Alt Receiving Yards,20.0,-146,,FanDuel,Pittsburgh Steelers @ Cleveland Browns,36104915
Roman Wilson,Alt Receiving Yards,25.0,102,,FanDuel,Pittsburgh Steelers @ Cleveland Browns,36104915
Roman Wilson,Alt Receiving Yards,30.0,146,,FanDuel,Pittsburgh Steelers @ Cleveland Browns,36104915
Roman Wilson,Alt Receiving Yards,40.0,270,,FanDuel,Pittsburgh Steelers @ Cleveland Browns,36104915
Roman Wilson,Alt Receiving Yards,50.0,430,,FanDuel,Pittsburgh Steelers @ Cleveland Browns,36104915
Roman Wilson,Alt Receiving Yards,60.0,700,,FanDuel,Pittsburgh Steelers @ Cleveland Browns,36104915
Roman Wilson,Alt Receiving Yards,70.0,1000,,FanDuel,Pittsburgh Steelers @ Cleveland Browns,36104915
Roman Wilson,Alt Receiving Yards,80.0,1400,,FanDuel,Pittsburgh Steelers @ Cleveland Browns,36104915
Jaylen Warren,Alt Receiving Yards,5.0,-1400,,FanDuel,Pittsburgh Steelers @ Cleveland Browns,36104915
Jaylen Warren,Alt Receiving Yards,10.0,-470,,FanDuel,Pittsburgh Steelers @ Cleveland Browns,36104915
Jaylen Warren,Alt Receiving Yards,15.0,-250,,FanDuel,Pittsburgh Steelers @ Cleveland Browns,36104915
Jaylen Warren,Alt Receiving Yards,20.0,-152,,FanDuel,Pittsburgh Steelers @ Cleveland Browns,36104915
Jaylen Warren,Alt Receiving Yards,25.0,102,,FanDuel,Pittsburgh Steelers @ Cleveland Browns,36104915
Jaylen Warren,Alt Receiving Yards,30.0,148,,FanDuel,Pittsburgh Steelers @ Cleveland Browns,36104915
Jaylen Warren,Alt Receiving Yards,40.0,280,,FanDuel,Pittsburgh Steelers @ Cleveland Browns,36104915
Jaylen Warren,Alt Receiving Yards,50.0,490,,FanDuel,Pittsburgh Steelers @ Cleveland Browns,36104915
Jaylen Warren,Alt Receiving Yards,60.0,750,,FanDuel,Pittsburgh Steelers @ Cleveland Browns,36104915
Jaylen Warren,Alt Receiving Yards,70.0,1200,,FanDuel,Pittsburgh Steelers @ Cleveland Browns,36104915
Jaylen Warren,Alt Receiving Yards,80.0,1700,,FanDuel,Pittsburgh Steelers @ Cleveland Browns,36104915
Jaylen Warren,Alt Rushing Yards,30.0,-1450,,FanDuel,Pittsburgh Steelers @ Cleveland Browns,36104915
Jaylen Warren,Alt Rushing Yards,40.0,-550,,FanDuel,Pittsburgh Steelers @ Cleveland Browns,36104915
Jaylen Warren,Alt Rushing Yards,50.0,-270,,FanDuel,Pittsburgh Steelers @ Cleveland Browns,36104915
Jaylen Warren,Alt Rushing Yards,60.0,-154,,FanDuel,Pittsburgh Steelers @ Cleveland Browns,36104915
Jaylen Warren,Alt Rushing Yards,70.0,108,,FanDuel,Pittsburgh Steelers @ Cleveland Browns,36104915
Jaylen Warren,Alt Rushing Yards,80.0,168,,FanDuel,Pittsburgh Steelers @ Cleveland Browns,36104915
Jaylen Warren,Alt Rushing Yards,90.0,250,,FanDuel,Pittsburgh Steelers @ Cleveland Browns,36104915
Jaylen Warren,Alt Rushing Yards,100.0,360,,FanDuel,Pittsburgh Steelers @ Cleveland Browns,36104915
Jaylen Warren,Alt Rushing Yards,110.0,550,,FanDuel,Pittsburgh Steelers @ Cleveland Browns,36104915
Jaylen Warren,Alt Rushing Yards,125.0,850,,FanDuel,Pittsburgh Steelers @ Cleveland Browns,36104915
Jaylen Warren,Alt Rushing Yards,150.0,1700,,FanDuel,Pittsburgh Steelers @ Cleveland Browns,36104915
Josh Allen,Alt Passing Yards,175.0,-750,,FanDuel,New England Patriots @ Buffalo Bills,36104918
Josh Allen,Alt Passing Yards,200.0,-380,,FanDuel,New England Patriots @ Buffalo Bills,36104918
Josh Allen,Alt Passing Yards,225.0,-200,,FanDuel,New England Patriots @ Buffalo Bills,36104918
Josh Allen,Alt Passing Yards,250.0,-106,,FanDuel,New England Patriots @ Buffalo Bills,36104918
Josh Allen,Alt Passing Yards,275.0,168,,FanDuel,New England Patriots @ Buffalo Bills,36104918
Josh Allen,Alt Passing Yards,300.0,290,,FanDuel,New England Patriots @ Buffalo Bills,36104918
Josh Allen,Alt Passing Yards,325.0,490,,FanDuel,New England Patriots @ Buffalo Bills,36104918
Josh Allen,Alt Passing Yards,350.0,880,,FanDuel,New England Patriots @ Buffalo Bills,36104918
Josh Allen,Alt Passing Yards,375.0,1280,,FanDuel,New England Patriots @ Buffalo Bills,36104918
Drake Maye,Alt Passing Yards,150.0,-1200,,FanDuel,New England Patriots @ Buffalo Bills,36104918
Drake Maye,Alt Passing Yards,175.0,-500,,FanDuel,New England Patriots @ Buffalo Bills,36104918
Drake Maye,Alt Passing Yards,200.0,-260,,FanDuel,New England Patriots @ Buffalo Bills,36104918
Drake Maye,Alt Passing Yards,225.0,-138,,FanDuel,New England Patriots @ Buffalo Bills,36104918
Drake Maye,Alt Passing Yards,250.0,134,,FanDuel,New England Patriots @ Buffalo Bills,36104918
Drake Maye,Alt Passing Yards,275.0,225,,FanDuel,New England Patriots @ Buffalo Bills,36104918
Drake Maye,Alt Passing Yards,300.0,390,,FanDuel,New England Patriots @ Buffalo Bills,36104918
Drake Maye,Alt Passing Yards,325.0,680,,FanDuel,New England Patriots @ Buffalo Bills,36104918
Drake Maye,Alt Passing Yards,350.0,1200,,FanDuel,New England Patriots @ Buffalo Bills,36104918
Chase Brown,Alt Rushing Yards,30.0,-1450,,FanDuel,Jacksonville Jaguars @ Cincinnati Bengals,36104919
Chase Brown,Alt Rushing Yards,40.0,-580,,FanDuel,Jacksonville Jaguars @ Cincinnati Bengals,36104919
Chase Brown,Alt Rushing Yards,50.0,-290,,FanDuel,Jacksonville Jaguars @ Cincinnati Bengals,36104919
Chase Brown,Alt Rushing Yards,60.0,-166,,FanDuel,Jacksonville Jaguars @ Cincinnati Bengals,36104919
Chase Brown,Alt Rushing Yards,70.0,102,,FanDuel,Jacksonville Jaguars @ Cincinnati Bengals,36104919
Chase Brown,Alt Rushing Yards,80.0,158,,FanDuel,Jacksonville Jaguars @ Cincinnati Bengals,36104919
Chase Brown,Alt Rushing Yards,90.0,230,,FanDuel,Jacksonville Jaguars @ Cincinnati Bengals,36104919
Chase Brown,Alt Rushing Yards,100.0,320,,FanDuel,Jacksonville Jaguars @ Cincinnati Bengals,36104919
Chase Brown,Alt Rushing Yards,110.0,490,,FanDuel,Jacksonville Jaguars @ Cincinnati Bengals,36104919
Chase Brown,Alt Rushing Yards,125.0,800,,FanDuel,Jacksonville Jaguars @ Cincinnati Bengals,36104919
Chase Brown,Alt Rushing Yards,150.0,1500,,FanDuel,Jacksonville Jaguars @ Cincinnati Bengals,36104919
Bhayshul Tuten,Alt Rushing Yards,25.0,-1000,,FanDuel,Jacksonville Jaguars @ Cincinnati Bengals,36104919
Bhayshul Tuten,Alt Rushing Yards,30.0,-600,,FanDuel,Jacksonville Jaguars @ Cincinnati Bengals,36104919
Bhayshul Tuten,Alt Rushing Yards,40.0,-270,,FanDuel,Jacksonville Jaguars @ Cincinnati Bengals,36104919
Bhayshul Tuten,Alt Rushing Yards,50.0,-144,,FanDuel,Jacksonville Jaguars @ Cincinnati Bengals,36104919
Bhayshul Tuten,Alt Rushing Yards,60.0,118,,FanDuel,Jacksonville Jaguars @ Cincinnati Bengals,36104919
Bhayshul Tuten,Alt Rushing Yards,70.0,182,,FanDuel,Jacksonville Jaguars @ Cincinnati Bengals,36104919
Bhayshul Tuten,Alt Rushing Yards,80.0,280,,FanDuel,Jacksonville Jaguars @ Cincinnati Bengals,36104919
Bhayshul Tuten,Alt Rushing Yards,90.0,400,,FanDuel,Jacksonville Jaguars @ Cincinnati Bengals,36104919
Bhayshul Tuten,Alt Rushing Yards,100.0,580,,FanDuel,Jacksonville Jaguars @ Cincinnati Bengals,36104919
Bhayshul Tuten,Alt Rushing Yards,110.0,800,,FanDuel,Jacksonville Jaguars @ Cincinnati Bengals,36104919
Bhayshul Tuten,Alt Rushing Yards,125.0,1200,,FanDuel,Jacksonville Jaguars @ Cincinnati Bengals,36104919
Parker Washington,Alt Receptions,3.0,-1600,,FanDuel,Jacksonville Jaguars @ Cincinnati Bengals,36104919
Parker Washington,Alt Receptions,4.0,-470,,FanDuel,Jacksonville Jaguars @ Cincinnati Bengals,36104919
Parker Washington,Alt Receptions,5.0,-210,,FanDuel,Jacksonville Jaguars @ Cincinnati Bengals,36104919
Parker Washington,Alt Receptions,6.0,102,,FanDuel,Jacksonville Jaguars @ Cincinnati Bengals,36104919
Parker Washington,Alt Receptions,7.0,194,,FanDuel,Jacksonville Jaguars @ Cincinnati Bengals,36104919
Parker Washington,Alt Receptions,8.0,350,,FanDuel,Jacksonville Jaguars @ Cincinnati Bengals,36104919
Parker Washington,Alt Receptions,9.0,630,,FanDuel,Jacksonville Jaguars @ Cincinnati Bengals,36104919
Parker Washington,Alt Receptions,10.0,920,,FanDuel,Jacksonville Jaguars @ Cincinnati Bengals,36104919
Ja'Marr Chase,Alt Receptions,4.0,-1600,,FanDuel,Jacksonville Jaguars @ Cincinnati Bengals,36104919
Ja'Marr Chase,Alt Receptions,5.0,-580,,FanDuel,Jacksonville Jaguars @ Cincinnati Bengals,36104919
Ja'Marr Chase,Alt Receptions,6.0,-270,,FanDuel,Jacksonville Jaguars @ Cincinnati Bengals,36104919
Ja'Marr Chase,Alt Receptions,7.0,-140,,FanDuel,Jacksonville Jaguars @ Cincinnati Bengals,36104919
Ja'Marr Chase,Alt Receptions,8.0,130,,FanDuel,Jacksonville Jaguars @ Cincinnati Bengals,36104919
Ja'Marr Chase,Alt Receptions,9.0,220,,FanDuel,Jacksonville Jaguars @ Cincinnati Bengals,36104919
Ja'Marr Chase,Alt Receptions,10.0,360,,FanDuel,Jacksonville Jaguars @ Cincinnati Bengals,36104919
Ja'Marr Chase,Alt Receptions,11.0,630,,FanDuel,Jacksonville Jaguars @ Cincinnati Bengals,36104919
Ja'Marr Chase,Alt Receptions,12.0,880,,FanDuel,Jacksonville Jaguars @ Cincinnati Bengals,36104919
Ja'Marr Chase,Alt Receptions,13.0,1280,,FanDuel,Jacksonville Jaguars @ Cincinnati Bengals,36104919
Ja'Marr Chase,Alt Receiving Yards,40.0,-1000,,FanDuel,Jacksonville Jaguars @ Cincinnati Bengals,36104919
Ja'Marr Chase,Alt Receiving Yards,50.0,-470,,FanDuel,Jacksonville Jaguars @ Cincinnati Bengals,36104919
Ja'Marr Chase,Alt Receiving Yards,60.0,-270,,FanDuel,Jacksonville Jaguars @ Cincinnati Bengals,36104919
Ja'Marr Chase,Alt Receiving Yards,70.0,-168,,FanDuel,Jacksonville Jaguars @ Cincinnati Bengals,36104919
Ja'Marr Chase,Alt Receiving Yards,80.0,-110,,FanDuel,Jacksonville Jaguars @ Cincinnati Bengals,36104919
Ja'Marr Chase,Alt Receiving Yards,90.0,136,,FanDuel,Jacksonville Jaguars @ Cincinnati Bengals,36104919
Ja'Marr Chase,Alt Receiving Yards,100.0,194,,FanDuel,Jacksonville Jaguars @ Cincinnati Bengals,36104919
Ja'Marr Chase,Alt Receiving Yards,110.0,270,,FanDuel,Jacksonville Jaguars @ Cincinnati Bengals,36104919
Ja'Marr Chase,Alt Receiving Yards,125.0,430,,FanDuel,Jacksonville Jaguars @ Cincinnati Bengals,36104919
Ja'Marr Chase,Alt Receiving Yards,150.0,880,,FanDuel,Jacksonville Jaguars @ Cincinnati Bengals,36104919
Ja'Marr Chase,Alt Receiving Yards,175.0,1700,,FanDuel,Jacksonville Jaguars @ Cincinnati Bengals,36104919
Jakobi Meyers,Alt Receiving Yards,15.0,-900,,FanDuel,Jacksonville Jaguars @ Cincinnati Bengals,36104919
Jakobi Meyers,Alt Receiving Yards,20.0,-500,,FanDuel,Jacksonville Jaguars @ Cincinnati Bengals,36104919
Jakobi Meyers,Alt Receiving Yards,25.0,-340,,FanDuel,Jacksonville Jaguars @ Cincinnati Bengals,36104919
Jakobi Meyers,Alt Receiving Yards,30.0,-235,,FanDuel,Jacksonville Jaguars @ Cincinnati Bengals,36104919
Jakobi Meyers,Alt Receiving Yards,40.0,-122,,FanDuel,Jacksonville Jaguars @ Cincinnati Bengals,36104919
Jakobi Meyers,Alt Receiving Yards,50.0,144,,FanDuel,Jacksonville Jaguars @ Cincinnati Bengals,36104919
Jakobi Meyers,Alt Receiving Yards,60.0,225,,FanDuel,Jacksonville Jaguars @ Cincinnati Bengals,36104919
Jakobi Meyers,Alt Receiving Yards,70.0,360,,FanDuel,Jacksonville Jaguars @ Cincinnati Bengals,36104919
Jakobi Meyers,Alt Receiving Yards,80.0,550,,FanDuel,Jacksonville Jaguars @ Cincinnati Bengals,36104919
Jakobi Meyers,Alt Receiving Yards,90.0,750,,FanDuel,Jacksonville Jaguars @ Cincinnati Bengals,36104919
Jakobi Meyers,Alt Receiving Yards,100.0,1100,,FanDuel,Jacksonville Jaguars @ Cincinnati Bengals,36104919
Jakobi Meyers,Alt Receiving Yards,110.0,1400,,FanDuel,Jacksonville Jaguars @ Cincinnati Bengals,36104919
Trevor Lawrence,Alt Passing Yards,175.0,-1600,,FanDuel,Jacksonville Jaguars @ Cincinnati Bengals,36104919
Trevor Lawrence,Alt Passing Yards,200.0,-650,,FanDuel,Jacksonville Jaguars @ Cincinnati Bengals,36104919
Trevor Lawrence,Alt Passing Yards,225.0,-320,,FanDuel,Jacksonville Jaguars @ Cincinnati Bengals,36104919
Trevor Lawrence,Alt Passing Yards,250.0,-172,,FanDuel,Jacksonville Jaguars @ Cincinnati Bengals,36104919
Trevor Lawrence,Alt Passing Yards,275.0,110,,FanDuel,Jacksonville Jaguars @ Cincinnati Bengals,36104919
Trevor Lawrence,Alt Passing Yards,300.0,194,,FanDuel,Jacksonville Jaguars @ Cincinnati Bengals,36104919
Trevor Lawrence,Alt Passing Yards,325.0,320,,FanDuel,Jacksonville Jaguars @ Cincinnati Bengals,36104919
Trevor Lawrence,Alt Passing Yards,350.0,580,,FanDuel,Jacksonville Jaguars @ Cincinnati Bengals,36104919
Trevor Lawrence,Alt Passing Yards,375.0,880,,FanDuel,Jacksonville Jaguars @ Cincinnati Bengals,36104919
Trevor Lawrence,Alt Passing Yards,400.0,1400,,FanDuel,Jacksonville Jaguars @ Cincinnati Bengals,36104919
Jakobi Meyers,Alt Receptions,2.0,-1450,,FanDuel,Jacksonville Jaguars @ Cincinnati Bengals,36104919
Jakobi Meyers,Alt Receptions,3.0,-390,,FanDuel,Jacksonville Jaguars @ Cincinnati Bengals,36104919
Jakobi Meyers,Alt Receptions,4.0,-152,,FanDuel,Jacksonville Jaguars @ Cincinnati Bengals,36104919
Jakobi Meyers,Alt Receptions,5.0,148,,FanDuel,Jacksonville Jaguars @ Cincinnati Bengals,36104919
Jakobi Meyers,Alt Receptions,6.0,280,,FanDuel,Jacksonville Jaguars @ Cincinnati Bengals,36104919
Jakobi Meyers,Alt Receptions,7.0,550,,FanDuel,Jacksonville Jaguars @ Cincinnati Bengals,36104919
Jakobi Meyers,Alt Receptions,8.0,920,,FanDuel,Jacksonville Jaguars @ Cincinnati Bengals,36104919
Jakobi Meyers,Alt Receptions,9.0,1500,,FanDuel,Jacksonville Jaguars @ Cincinnati Bengals,36104919
Joe Burrow,Alt Passing Yards,200.0,-750,,FanDuel,Jacksonville Jaguars @ Cincinnati Bengals,36104919
Joe Burrow,Alt Passing Yards,225.0,-380,,FanDuel,Jacksonville Jaguars @ Cincinnati Bengals,36104919
Joe Burrow,Alt Passing Yards,250.0,-192,,FanDuel,Jacksonville Jaguars @ Cincinnati Bengals,36104919
Joe Burrow,Alt Passing Yards,275.0,-102,,FanDuel,Jacksonville Jaguars @ Cincinnati Bengals,36104919
Joe Burrow,Alt Passing Yards,300.0,178,,FanDuel,Jacksonville Jaguars @ Cincinnati Bengals,36104919
Joe Burrow,Alt Passing Yards,325.0,310,,FanDuel,Jacksonville Jaguars @ Cincinnati Bengals,36104919
Joe Burrow,Alt Passing Yards,350.0,550,,FanDuel,Jacksonville Jaguars @ Cincinnati Bengals,36104919
Joe Burrow,Alt Passing Yards,375.0,880,,FanDuel,Jacksonville Jaguars @ Cincinnati Bengals,36104919
Joe Burrow,Alt Passing Yards,400.0,1400,,FanDuel,Jacksonville Jaguars @ Cincinnati Bengals,36104919
Tee Higgins,Alt Receptions,3.0,-600,,FanDuel,Jacksonville Jaguars @ Cincinnati Bengals,36104919
Tee Higgins,Alt Receptions,4.0,-235,,FanDuel,Jacksonville Jaguars @ Cincinnati Bengals,36104919
Tee Higgins,Alt Receptions,5.0,100,,FanDuel,Jacksonville Jaguars @ Cincinnati Bengals,36104919
Tee Higgins,Alt Receptions,6.0,200,,FanDuel,Jacksonville Jaguars @ Cincinnati Bengals,36104919
Tee Higgins,Alt Receptions,7.0,390,,FanDuel,Jacksonville Jaguars @ Cincinnati Bengals,36104919
Tee Higgins,Alt Receptions,8.0,750,,FanDuel,Jacksonville Jaguars @ Cincinnati Bengals,36104919
Tee Higgins,Alt Receptions,9.0,1200,,FanDuel,Jacksonville Jaguars @ Cincinnati Bengals,36104919
Tee Higgins,Alt Receiving Yards,20.0,-1800,,FanDuel,Jacksonville Jaguars @ Cincinnati Bengals,36104919
Tee Higgins,Alt Receiving Yards,25.0,-1000,,FanDuel,Jacksonville Jaguars @ Cincinnati Bengals,36104919
Tee Higgins,Alt Receiving Yards,30.0,-650,,FanDuel,Jacksonville Jaguars @ Cincinnati Bengals,36104919
Tee Higgins,Alt Receiving Yards,40.0,-330,,FanDuel,Jacksonville Jaguars @ Cincinnati Bengals,36104919
Tee Higgins,Alt Receiving Yards,50.0,-198,,FanDuel,Jacksonville Jaguars @ Cincinnati Bengals,36104919
Tee Higgins,Alt Receiving Yards,60.0,-120,,FanDuel,Jacksonville Jaguars @ Cincinnati Bengals,36104919
Tee Higgins,Alt Receiving Yards,70.0,126,,FanDuel,Jacksonville Jaguars @ Cincinnati Bengals,36104919
Tee Higgins,Alt Receiving Yards,80.0,188,,FanDuel,Jacksonville Jaguars @ Cincinnati Bengals,36104919
Tee Higgins,Alt Receiving Yards,90.0,270,,FanDuel,Jacksonville Jaguars @ Cincinnati Bengals,36104919
Tee Higgins,Alt Receiving Yards,100.0,370,,FanDuel,Jacksonville Jaguars @ Cincinnati Bengals,36104919
Tee Higgins,Alt Receiving Yards,110.0,520,,FanDuel,Jacksonville Jaguars @ Cincinnati Bengals,36104919
Tee Higgins,Alt Receiving Yards,125.0,800,,FanDuel,Jacksonville Jaguars @ Cincinnati Bengals,36104919
Tee Higgins,Alt Receiving Yards,150.0,1500,,FanDuel,Jacksonville Jaguars @ Cincinnati Bengals,36104919
Parker Washington,Alt Receiving Yards,30.0,-1400,,FanDuel,Jacksonville Jaguars @ Cincinnati Bengals,36104919
Parker Washington,Alt Receiving Yards,40.0,-580,,FanDuel,Jacksonville Jaguars @ Cincinnati Bengals,36104919
Parker Washington,Alt Receiving Yards,50.0,-320,,FanDuel,Jacksonville Jaguars @ Cincinnati Bengals,36104919
Parker Washington,Alt Receiving Yards,60.0,-205,,FanDuel,Jacksonville Jaguars @ Cincinnati Bengals,36104919
Parker Washington,Alt Receiving Yards,70.0,-132,,FanDuel,Jacksonville Jaguars @ Cincinnati Bengals,36104919
Parker Washington,Alt Receiving Yards,80.0,116,,FanDuel,Jacksonville Jaguars @ Cincinnati Bengals,36104919
Parker Washington,Alt Receiving Yards,90.0,168,,FanDuel,Jacksonville Jaguars @ Cincinnati Bengals,36104919
Parker Washington,Alt Receiving Yards,100.0,230,,FanDuel,Jacksonville Jaguars @ Cincinnati Bengals,36104919
Parker Washington,Alt Receiving Yards,110.0,320,,FanDuel,Jacksonville Jaguars @ Cincinnati Bengals,36104919
Parker Washington,Alt Receiving Yards,125.0,520,,FanDuel,Jacksonville Jaguars @ Cincinnati Bengals,36104919
Parker Washington,Alt Receiving Yards,150.0,1000,,FanDuel,Jacksonville Jaguars @ Cincinnati Bengals,36104919
Ryan Flournoy,Alt Receiving Yards,10.0,-1400,,FanDuel,Dallas Cowboys @ Houston Texans,36104922
Ryan Flournoy,Alt Receiving Yards,15.0,-670,,FanDuel,Dallas Cowboys @ Houston Texans,36104922
Ryan Flournoy,Alt Receiving Yards,20.0,-390,,FanDuel,Dallas Cowboys @ Houston Texans,36104922
Ryan Flournoy,Alt Receiving Yards,25.0,-250,,FanDuel,Dallas Cowboys @ Houston Texans,36104922
Ryan Flournoy,Alt Receiving Yards,30.0,-172,,FanDuel,Dallas Cowboys @ Houston Texans,36104922
Ryan Flournoy,Alt Receiving Yards,40.0,114,,FanDuel,Dallas Cowboys @ Houston Texans,36104922
Ryan Flournoy,Alt Receiving Yards,50.0,194,,FanDuel,Dallas Cowboys @ Houston Texans,36104922
Ryan Flournoy,Alt Receiving Yards,60.0,310,,FanDuel,Dallas Cowboys @ Houston Texans,36104922
Ryan Flournoy,Alt Receiving Yards,70.0,490,,FanDuel,Dallas Cowboys @ Houston Texans,36104922
Ryan Flournoy,Alt Receiving Yards,80.0,700,,FanDuel,Dallas Cowboys @ Houston Texans,36104922
Ryan Flournoy,Alt Receiving Yards,90.0,1000,,FanDuel,Dallas Cowboys @ Houston Texans,36104922
Ryan Flournoy,Alt Receiving Yards,100.0,1400,,FanDuel,Dallas Cowboys @ Houston Texans,36104922
Nico Collins,Alt Receptions,3.0,-1600,,FanDuel,Dallas Cowboys @ Houston Texans,36104922
Nico Collins,Alt Receptions,4.0,-490,,FanDuel,Dallas Cowboys @ Houston Texans,36104922
Nico Collins,Alt Receptions,5.0,-215,,FanDuel,Dallas Cowboys @ Houston Texans,36104922
Nico Collins,Alt Receptions,6.0,-104,,FanDuel,Dallas Cowboys @ Houston Texans,36104922
Nico Collins,Alt Receptions,7.0,182,,FanDuel,Dallas Cowboys @ Houston Texans,36104922
Nico Collins,Alt Receptions,8.0,320,,FanDuel,Dallas Cowboys @ Houston Texans,36104922
Nico Collins,Alt Receptions,9.0,550,,FanDuel,Dallas Cowboys @ Houston Texans,36104922
Nico Collins,Alt Receptions,10.0,880,,FanDuel,Dallas Cowboys @ Houston Texans,36104922
Nico Collins,Alt Receptions,11.0,1400,,FanDuel,Dallas Cowboys @ Houston Texans,36104922
Javonte Williams,Alt Receiving Yards,5.0,-450,,FanDuel,Dallas Cowboys @ Houston Texans,36104922
Javonte Williams,Alt Receiving Yards,10.0,-194,,FanDuel,Dallas Cowboys @ Houston Texans,36104922
Javonte Williams,Alt Receiving Yards,15.0,-102,,FanDuel,Dallas Cowboys @ Houston Texans,36104922
Javonte Williams,Alt Receiving Yards,20.0,168,,FanDuel,Dallas Cowboys @ Houston Texans,36104922
Javonte Williams,Alt Receiving Yards,25.0,265,,FanDuel,Dallas Cowboys @ Houston Texans,36104922
Javonte Williams,Alt Receiving Yards,30.0,390,,FanDuel,Dallas Cowboys @ Houston Texans,36104922
Javonte Williams,Alt Receiving Yards,40.0,750,,FanDuel,Dallas Cowboys @ Houston Texans,36104922
Javonte Williams,Alt Receiving Yards,50.0,1260,,FanDuel,Dallas Cowboys @ Houston Texans,36104922
Javonte Williams,Alt Receptions,2.0,-420,,FanDuel,Dallas Cowboys @ Houston Texans,36104922
Javonte Williams,Alt Receptions,3.0,-140,,FanDuel,Dallas Cowboys @ Houston Texans,36104922
Javonte Williams,Alt Receptions,4.0,174,,FanDuel,Dallas Cowboys @ Houston Texans,36104922
Javonte Williams,Alt Receptions,5.0,360,,FanDuel,Dallas Cowboys @ Houston Texans,36104922
Javonte Williams,Alt Receptions,6.0,680,,FanDuel,Dallas Cowboys @ Houston Texans,36104922
Javonte Williams,Alt Receptions,7.0,1200,,FanDuel,Dallas Cowboys @ Houston Texans,36104922
David Montgomery,Alt Receptions,1.0,-440,,FanDuel,Dallas Cowboys @ Houston Texans,36104922
David Montgomery,Alt Receptions,2.0,102,,FanDuel,Dallas Cowboys @ Houston Texans,36104922
David Montgomery,Alt Receptions,3.0,300,,FanDuel,Dallas Cowboys @ Houston Texans,36104922
David Montgomery,Alt Receptions,4.0,700,,FanDuel,Dallas Cowboys @ Houston Texans,36104922
David Montgomery,Alt Rushing Yards,20.0,-1450,,FanDuel,Dallas Cowboys @ Houston Texans,36104922
David Montgomery,Alt Rushing Yards,25.0,-750,,FanDuel,Dallas Cowboys @ Houston Texans,36104922
David Montgomery,Alt Rushing Yards,30.0,-470,,FanDuel,Dallas Cowboys @ Houston Texans,36104922
David Montgomery,Alt Rushing Yards,40.0,-230,,FanDuel,Dallas Cowboys @ Houston Texans,36104922
David Montgomery,Alt Rushing Yards,50.0,-130,,FanDuel,Dallas Cowboys @ Houston Texans,36104922
David Montgomery,Alt Rushing Yards,60.0,130,,FanDuel,Dallas Cowboys @ Houston Texans,36104922
David Montgomery,Alt Rushing Yards,70.0,198,,FanDuel,Dallas Cowboys @ Houston Texans,36104922
David Montgomery,Alt Rushing Yards,80.0,290,,FanDuel,Dallas Cowboys @ Houston Texans,36104922
David Montgomery,Alt Rushing Yards,90.0,410,,FanDuel,Dallas Cowboys @ Houston Texans,36104922
David Montgomery,Alt Rushing Yards,100.0,630,,FanDuel,Dallas Cowboys @ Houston Texans,36104922
David Montgomery,Alt Rushing Yards,110.0,850,,FanDuel,Dallas Cowboys @ Houston Texans,36104922
David Montgomery,Alt Rushing Yards,125.0,1260,,FanDuel,Dallas Cowboys @ Houston Texans,36104922
Dalton Schultz,Alt Receiving Yards,20.0,-1000,,FanDuel,Dallas Cowboys @ Houston Texans,36104922
Dalton Schultz,Alt Receiving Yards,25.0,-580,,FanDuel,Dallas Cowboys @ Houston Texans,36104922
Dalton Schultz,Alt Receiving Yards,30.0,-360,,FanDuel,Dallas Cowboys @ Houston Texans,36104922
Dalton Schultz,Alt Receiving Yards,40.0,-182,,FanDuel,Dallas Cowboys @ Houston Texans,36104922
Dalton Schultz,Alt Receiving Yards,50.0,102,,FanDuel,Dallas Cowboys @ Houston Texans,36104922
Dalton Schultz,Alt Receiving Yards,60.0,178,,FanDuel,Dallas Cowboys @ Houston Texans,36104922
Dalton Schultz,Alt Receiving Yards,70.0,280,,FanDuel,Dallas Cowboys @ Houston Texans,36104922
Dalton Schultz,Alt Receiving Yards,80.0,430,,FanDuel,Dallas Cowboys @ Houston Texans,36104922
Dalton Schultz,Alt Receiving Yards,90.0,640,,FanDuel,Dallas Cowboys @ Houston Texans,36104922
Dalton Schultz,Alt Receiving Yards,100.0,920,,FanDuel,Dallas Cowboys @ Houston Texans,36104922
Dalton Schultz,Alt Receiving Yards,110.0,1280,,FanDuel,Dallas Cowboys @ Houston Texans,36104922
Dak Prescott,Alt Passing Yards,200.0,-850,,FanDuel,Dallas Cowboys @ Houston Texans,36104922
Dak Prescott,Alt Passing Yards,225.0,-420,,FanDuel,Dallas Cowboys @ Houston Texans,36104922
Dak Prescott,Alt Passing Yards,250.0,-220,,FanDuel,Dallas Cowboys @ Houston Texans,36104922
Dak Prescott,Alt Passing Yards,275.0,-114,,FanDuel,Dallas Cowboys @ Houston Texans,36104922
Dak Prescott,Alt Passing Yards,300.0,158,,FanDuel,Dallas Cowboys @ Houston Texans,36104922
Dak Prescott,Alt Passing Yards,325.0,270,,FanDuel,Dallas Cowboys @ Houston Texans,36104922
Dak Prescott,Alt Passing Yards,350.0,470,,FanDuel,Dallas Cowboys @ Houston Texans,36104922
Dak Prescott,Alt Passing Yards,375.0,800,,FanDuel,Dallas Cowboys @ Houston Texans,36104922
Dak Prescott,Alt Passing Yards,400.0,1260,,FanDuel,Dallas Cowboys @ Houston Texans,36104922
Jake Ferguson,Alt Receptions,2.0,-800,,FanDuel,Dallas Cowboys @ Houston Texans,36104922
Jake Ferguson,Alt Receptions,3.0,-240,,FanDuel,Dallas Cowboys @ Houston Texans,36104922
Jake Ferguson,Alt Receptions,4.0,102,,FanDuel,Dallas Cowboys @ Houston Texans,36104922
Jake Ferguson,Alt Receptions,5.0,220,,FanDuel,Dallas Cowboys @ Houston Texans,36104922
Jake Ferguson,Alt Receptions,6.0,430,,FanDuel,Dallas Cowboys @ Houston Texans,36104922
Jake Ferguson,Alt Receptions,7.0,800,,FanDuel,Dallas Cowboys @ Houston Texans,36104922
Jake Ferguson,Alt Receptions,8.0,1280,,FanDuel,Dallas Cowboys @ Houston Texans,36104922
David Montgomery,Alt Receiving Yards,5.0,-174,,FanDuel,Dallas Cowboys @ Houston Texans,36104922
David Montgomery,Alt Receiving Yards,10.0,130,,FanDuel,Dallas Cowboys @ Houston Texans,36104922
David Montgomery,Alt Receiving Yards,15.0,230,,FanDuel,Dallas Cowboys @ Houston Texans,36104922
David Montgomery,Alt Receiving Yards,20.0,370,,FanDuel,Dallas Cowboys @ Houston Texans,36104922
David Montgomery,Alt Receiving Yards,25.0,580,,FanDuel,Dallas Cowboys @ Houston Texans,36104922
David Montgomery,Alt Receiving Yards,30.0,800,,FanDuel,Dallas Cowboys @ Houston Texans,36104922
Nico Collins,Alt Receiving Yards,30.0,-1450,,FanDuel,Dallas Cowboys @ Houston Texans,36104922
Nico Collins,Alt Receiving Yards,40.0,-650,,FanDuel,Dallas Cowboys @ Houston Texans,36104922
Nico Collins,Alt Receiving Yards,50.0,-350,,FanDuel,Dallas Cowboys @ Houston Texans,36104922
Nico Collins,Alt Receiving Yards,60.0,-225,,FanDuel,Dallas Cowboys @ Houston Texans,36104922
Nico Collins,Alt Receiving Yards,70.0,-140,,FanDuel,Dallas Cowboys @ Houston Texans,36104922
Nico Collins,Alt Receiving Yards,80.0,104,,FanDuel,Dallas Cowboys @ Houston Texans,36104922
Nico Collins,Alt Receiving Yards,90.0,152,,FanDuel,Dallas Cowboys @ Houston Texans,36104922
Nico Collins,Alt Receiving Yards,100.0,205,,FanDuel,Dallas Cowboys @ Houston Texans,36104922
Nico Collins,Alt Receiving Yards,110.0,290,,FanDuel,Dallas Cowboys @ Houston Texans,36104922
Nico Collins,Alt Receiving Yards,125.0,450,,FanDuel,Dallas Cowboys @ Houston Texans,36104922
Nico Collins,Alt Receiving Yards,150.0,880,,FanDuel,Dallas Cowboys @ Houston Texans,36104922
Nico Collins,Alt Receiving Yards,175.0,1700,,FanDuel,Dallas Cowboys @ Houston Texans,36104922
George Pickens,Alt Receptions,3.0,-1000,,FanDuel,Dallas Cowboys @ Houston Texans,36104922
George Pickens,Alt Receptions,4.0,-330,,FanDuel,Dallas Cowboys @ Houston Texans,36104922
George Pickens,Alt Receptions,5.0,-146,,FanDuel,Dallas Cowboys @ Houston Texans,36104922
George Pickens,Alt Receptions,6.0,140,,FanDuel,Dallas Cowboys @ Houston Texans,36104922
George Pickens,Alt Receptions,7.0,260,,FanDuel,Dallas Cowboys @ Houston Texans,36104922
George Pickens,Alt Receptions,8.0,450,,FanDuel,Dallas Cowboys @ Houston Texans,36104922
George Pickens,Alt Receptions,9.0,800,,FanDuel,Dallas Cowboys @ Houston Texans,36104922
George Pickens,Alt Receptions,10.0,1280,,FanDuel,Dallas Cowboys @ Houston Texans,36104922
Woody Marks,Alt Rushing Yards,10.0,-1800,,FanDuel,Dallas Cowboys @ Houston Texans,36104922
Woody Marks,Alt Rushing Yards,15.0,-700,,FanDuel,Dallas Cowboys @ Houston Texans,36104922
Woody Marks,Alt Rushing Yards,20.0,-390,,FanDuel,Dallas Cowboys @ Houston Texans,36104922
Woody Marks,Alt Rushing Yards,25.0,-235,,FanDuel,Dallas Cowboys @ Houston Texans,36104922
Woody Marks,Alt Rushing Yards,30.0,-154,,FanDuel,Dallas Cowboys @ Houston Texans,36104922
Woody Marks,Alt Rushing Yards,40.0,130,,FanDuel,Dallas Cowboys @ Houston Texans,36104922
Woody Marks,Alt Rushing Yards,50.0,230,,FanDuel,Dallas Cowboys @ Houston Texans,36104922
Woody Marks,Alt Rushing Yards,60.0,370,,FanDuel,Dallas Cowboys @ Houston Texans,36104922
Woody Marks,Alt Rushing Yards,70.0,580,,FanDuel,Dallas Cowboys @ Houston Texans,36104922
Woody Marks,Alt Rushing Yards,80.0,880,,FanDuel,Dallas Cowboys @ Houston Texans,36104922
Woody Marks,Alt Rushing Yards,90.0,1200,,FanDuel,Dallas Cowboys @ Houston Texans,36104922
Woody Marks,Alt Rushing Yards,100.0,1700,,FanDuel,Dallas Cowboys @ Houston Texans,36104922
Dalton Schultz,Alt Receptions,3.0,-1000,,FanDuel,Dallas Cowboys @ Houston Texans,36104922
Dalton Schultz,Alt Receptions,4.0,-360,,FanDuel,Dallas Cowboys @ Houston Texans,36104922
Dalton Schultz,Alt Receptions,5.0,-166,,FanDuel,Dallas Cowboys @ Houston Texans,36104922
Dalton Schultz,Alt Receptions,6.0,118,,FanDuel,Dallas Cowboys @ Houston Texans,36104922
Dalton Schultz,Alt Receptions,7.0,220,,FanDuel,Dallas Cowboys @ Houston Texans,36104922
Dalton Schultz,Alt Receptions,8.0,390,,FanDuel,Dallas Cowboys @ Houston Texans,36104922
Dalton Schultz,Alt Receptions,9.0,640,,FanDuel,Dallas Cowboys @ Houston Texans,36104922
Dalton Schultz,Alt Receptions,10.0,1000,,FanDuel,Dallas Cowboys @ Houston Texans,36104922
Dalton Schultz,Alt Receptions,11.0,1500,,FanDuel,Dallas Cowboys @ Houston Texans,36104922
C.J. Stroud,Alt Passing Yards,175.0,-700,,FanDuel,Dallas Cowboys @ Houston Texans,36104922
C.J. Stroud,Alt Passing Yards,200.0,-350,,FanDuel,Dallas Cowboys @ Houston Texans,36104922
C.J. Stroud,Alt Passing Yards,225.0,-192,,FanDuel,Dallas Cowboys @ Houston Texans,36104922
C.J. Stroud,Alt Passing Yards,250.0,-102,,FanDuel,Dallas Cowboys @ Houston Texans,36104922
C.J. Stroud,Alt Passing Yards,275.0,174,,FanDuel,Dallas Cowboys @ Houston Texans,36104922
C.J. Stroud,Alt Passing Yards,300.0,290,,FanDuel,Dallas Cowboys @ Houston Texans,36104922
C.J. Stroud,Alt Passing Yards,325.0,520,,FanDuel,Dallas Cowboys @ Houston Texans,36104922
C.J. Stroud,Alt Passing Yards,350.0,850,,FanDuel,Dallas Cowboys @ Houston Texans,36104922
C.J. Stroud,Alt Passing Yards,375.0,1280,,FanDuel,Dallas Cowboys @ Houston Texans,36104922
CeeDee Lamb,Alt Receptions,4.0,-650,,FanDuel,Dallas Cowboys @ Houston Texans,36104922
CeeDee Lamb,Alt Receptions,5.0,-270,,FanDuel,Dallas Cowboys @ Houston Texans,36104922
CeeDee Lamb,Alt Receptions,6.0,-132,,FanDuel,Dallas Cowboys @ Houston Texans,36104922
CeeDee Lamb,Alt Receptions,7.0,152,,FanDuel,Dallas Cowboys @ Houston Texans,36104922
CeeDee Lamb,Alt Receptions,8.0,265,,FanDuel,Dallas Cowboys @ Houston Texans,36104922
CeeDee Lamb,Alt Receptions,9.0,450,,FanDuel,Dallas Cowboys @ Houston Texans,36104922
CeeDee Lamb,Alt Receptions,10.0,750,,FanDuel,Dallas Cowboys @ Houston Texans,36104922
CeeDee Lamb,Alt Receptions,11.0,1200,,FanDuel,Dallas Cowboys @ Houston Texans,36104922
Ryan Flournoy,Alt Receptions,2.0,-1100,,FanDuel,Dallas Cowboys @ Houston Texans,36104922
Ryan Flournoy,Alt Receptions,3.0,-290,,FanDuel,Dallas Cowboys @ Houston Texans,36104922
Ryan Flournoy,Alt Receptions,4.0,-114,,FanDuel,Dallas Cowboys @ Houston Texans,36104922
Ryan Flournoy,Alt Receptions,5.0,188,,FanDuel,Dallas Cowboys @ Houston Texans,36104922
Ryan Flournoy,Alt Receptions,6.0,370,,FanDuel,Dallas Cowboys @ Houston Texans,36104922
Ryan Flournoy,Alt Receptions,7.0,680,,FanDuel,Dallas Cowboys @ Houston Texans,36104922
Ryan Flournoy,Alt Receptions,8.0,1200,,FanDuel,Dallas Cowboys @ Houston Texans,36104922
George Pickens,Alt Receiving Yards,25.0,-1450,,FanDuel,Dallas Cowboys @ Houston Texans,36104922
George Pickens,Alt Receiving Yards,30.0,-1000,,FanDuel,Dallas Cowboys @ Houston Texans,36104922
George Pickens,Alt Receiving Yards,40.0,-470,,FanDuel,Dallas Cowboys @ Houston Texans,36104922
George Pickens,Alt Receiving Yards,50.0,-270,,FanDuel,Dallas Cowboys @ Houston Texans,36104922
George Pickens,Alt Receiving Yards,60.0,-166,,FanDuel,Dallas Cowboys @ Houston Texans,36104922
George Pickens,Alt Receiving Yards,70.0,-108,,FanDuel,Dallas Cowboys @ Houston Texans,36104922
George Pickens,Alt Receiving Yards,80.0,136,,FanDuel,Dallas Cowboys @ Houston Texans,36104922
George Pickens,Alt Receiving Yards,90.0,194,,FanDuel,Dallas Cowboys @ Houston Texans,36104922
George Pickens,Alt Receiving Yards,100.0,270,,FanDuel,Dallas Cowboys @ Houston Texans,36104922
George Pickens,Alt Receiving Yards,110.0,370,,FanDuel,Dallas Cowboys @ Houston Texans,36104922
George Pickens,Alt Receiving Yards,125.0,580,,FanDuel,Dallas Cowboys @ Houston Texans,36104922
George Pickens,Alt Receiving Yards,150.0,1200,,FanDuel,Dallas Cowboys @ Houston Texans,36104922
Jake Ferguson,Alt Receiving Yards,5.0,-1600,,FanDuel,Dallas Cowboys @ Houston Texans,36104922
Jake Ferguson,Alt Receiving Yards,10.0,-580,,FanDuel,Dallas Cowboys @ Houston Texans,36104922
Jake Ferguson,Alt Receiving Yards,15.0,-290,,FanDuel,Dallas Cowboys @ Houston Texans,36104922
Jake Ferguson,Alt Receiving Yards,20.0,-172,,FanDuel,Dallas Cowboys @ Houston Texans,36104922
Jake Ferguson,Alt Receiving Yards,25.0,-106,,FanDuel,Dallas Cowboys @ Houston Texans,36104922
Jake Ferguson,Alt Receiving Yards,30.0,146,,FanDuel,Dallas Cowboys @ Houston Texans,36104922
Jake Ferguson,Alt Receiving Yards,40.0,300,,FanDuel,Dallas Cowboys @ Houston Texans,36104922
Jake Ferguson,Alt Receiving Yards,50.0,580,,FanDuel,Dallas Cowboys @ Houston Texans,36104922
Jake Ferguson,Alt Receiving Yards,60.0,920,,FanDuel,Dallas Cowboys @ Houston Texans,36104922
Jake Ferguson,Alt Receiving Yards,70.0,1500,,FanDuel,Dallas Cowboys @ Houston Texans,36104922
C.J. Stroud,Alt Rushing Yards,5.0,-360,,FanDuel,Dallas Cowboys @ Houston Texans,36104922
C.J. Stroud,Alt Rushing Yards,10.0,-154,,FanDuel,Dallas Cowboys @ Houston Texans,36104922
C.J. Stroud,Alt Rushing Yards,15.0,130,,FanDuel,Dallas Cowboys @ Houston Texans,36104922
C.J. Stroud,Alt Rushing Yards,20.0,225,,FanDuel,Dallas Cowboys @ Houston Texans,36104922
C.J. Stroud,Alt Rushing Yards,25.0,360,,FanDuel,Dallas Cowboys @ Houston Texans,36104922
C.J. Stroud,Alt Rushing Yards,30.0,550,,FanDuel,Dallas Cowboys @ Houston Texans,36104922
Dak Prescott,Alt Rushing Yards,5.0,-275,,FanDuel,Dallas Cowboys @ Houston Texans,36104922
Dak Prescott,Alt Rushing Yards,10.0,-114,,FanDuel,Dallas Cowboys @ Houston Texans,36104922
Dak Prescott,Alt Rushing Yards,15.0,174,,FanDuel,Dallas Cowboys @ Houston Texans,36104922
Dak Prescott,Alt Rushing Yards,20.0,300,,FanDuel,Dallas Cowboys @ Houston Texans,36104922
Dak Prescott,Alt Rushing Yards,25.0,490,,FanDuel,Dallas Cowboys @ Houston Texans,36104922
Dak Prescott,Alt Rushing Yards,30.0,750,,FanDuel,Dallas Cowboys @ Houston Texans,36104922
Javonte Williams,Alt Rushing Yards,25.0,-1800,,FanDuel,Dallas Cowboys @ Houston Texans,36104922
Javonte Williams,Alt Rushing Yards,30.0,-900,,FanDuel,Dallas Cowboys @ Houston Texans,36104922
Javonte Williams,Alt Rushing Yards,40.0,-380,,FanDuel,Dallas Cowboys @ Houston Texans,36104922
Javonte Williams,Alt Rushing Yards,50.0,-210,,FanDuel,Dallas Cowboys @ Houston Texans,36104922
Javonte Williams,Alt Rushing Yards,60.0,-122,,FanDuel,Dallas Cowboys @ Houston Texans,36104922
Javonte Williams,Alt Rushing Yards,70.0,134,,FanDuel,Dallas Cowboys @ Houston Texans,36104922
Javonte Williams,Alt Rushing Yards,80.0,198,,FanDuel,Dallas Cowboys @ Houston Texans,36104922
Javonte Williams,Alt Rushing Yards,90.0,290,,FanDuel,Dallas Cowboys @ Houston Texans,36104922
Javonte Williams,Alt Rushing Yards,100.0,410,,FanDuel,Dallas Cowboys @ Houston Texans,36104922
Javonte Williams,Alt Rushing Yards,110.0,580,,FanDuel,Dallas Cowboys @ Houston Texans,36104922
Javonte Williams,Alt Rushing Yards,125.0,880,,FanDuel,Dallas Cowboys @ Houston Texans,36104922
Javonte Williams,Alt Rushing Yards,150.0,1700,,FanDuel,Dallas Cowboys @ Houston Texans,36104922
Woody Marks,Alt Receptions,1.0,-670,,FanDuel,Dallas Cowboys @ Houston Texans,36104922
Woody Marks,Alt Receptions,2.0,-152,,FanDuel,Dallas Cowboys @ Houston Texans,36104922
Woody Marks,Alt Receptions,3.0,194,,FanDuel,Dallas Cowboys @ Houston Texans,36104922
Woody Marks,Alt Receptions,4.0,450,,FanDuel,Dallas Cowboys @ Houston Texans,36104922
Woody Marks,Alt Receptions,5.0,880,,FanDuel,Dallas Cowboys @ Houston Texans,36104922
Woody Marks,Alt Receiving Yards,5.0,-225,,FanDuel,Dallas Cowboys @ Houston Texans,36104922
Woody Marks,Alt Receiving Yards,10.0,102,,FanDuel,Dallas Cowboys @ Houston Texans,36104922
Woody Marks,Alt Receiving Yards,15.0,188,,FanDuel,Dallas Cowboys @ Houston Texans,36104922
Woody Marks,Alt Receiving Yards,20.0,300,,FanDuel,Dallas Cowboys @ Houston Texans,36104922
Woody Marks,Alt Receiving Yards,25.0,450,,FanDuel,Dallas Cowboys @ Houston Texans,36104922
Woody Marks,Alt Receiving Yards,30.0,640,,FanDuel,Dallas Cowboys @ Houston Texans,36104922
CeeDee Lamb,Alt Receiving Yards,40.0,-750,,FanDuel,Dallas Cowboys @ Houston Texans,36104922
CeeDee Lamb,Alt Receiving Yards,50.0,-400,,FanDuel,Dallas Cowboys @ Houston Texans,36104922
CeeDee Lamb,Alt Receiving Yards,60.0,-245,,FanDuel,Dallas Cowboys @ Houston Texans,36104922
CeeDee Lamb,Alt Receiving Yards,70.0,-154,,FanDuel,Dallas Cowboys @ Houston Texans,36104922
CeeDee Lamb,Alt Receiving Yards,80.0,100,,FanDuel,Dallas Cowboys @ Houston Texans,36104922
CeeDee Lamb,Alt Receiving Yards,90.0,146,,FanDuel,Dallas Cowboys @ Houston Texans,36104922
CeeDee Lamb,Alt Receiving Yards,100.0,200,,FanDuel,Dallas Cowboys @ Houston Texans,36104922
CeeDee Lamb,Alt Receiving Yards,110.0,280,,FanDuel,Dallas Cowboys @ Houston Texans,36104922
CeeDee Lamb,Alt Receiving Yards,125.0,430,,FanDuel,Dallas Cowboys @ Houston Texans,36104922
CeeDee Lamb,Alt Receiving Yards,150.0,880,,FanDuel,Dallas Cowboys @ Houston Texans,36104922
CeeDee Lamb,Alt Receiving Yards,175.0,1700,,FanDuel,Dallas Cowboys @ Houston Texans,36104922
Jalen Hurts,Alt Passing Yards,125.0,-1200,,FanDuel,Los Angeles Rams @ Philadelphia Eagles,36104923
Jalen Hurts,Alt Passing Yards,150.0,-490,,FanDuel,Los Angeles Rams @ Philadelphia Eagles,36104923
Jalen Hurts,Alt Passing Yards,175.0,-250,,FanDuel,Los Angeles Rams @ Philadelphia Eagles,36104923
Jalen Hurts,Alt Passing Yards,200.0,-130,,FanDuel,Los Angeles Rams @ Philadelphia Eagles,36104923
Jalen Hurts,Alt Passing Yards,225.0,142,,FanDuel,Los Angeles Rams @ Philadelphia Eagles,36104923
Jalen Hurts,Alt Passing Yards,250.0,250,,FanDuel,Los Angeles Rams @ Philadelphia Eagles,36104923
Jalen Hurts,Alt Passing Yards,275.0,430,,FanDuel,Los Angeles Rams @ Philadelphia Eagles,36104923
Jalen Hurts,Alt Passing Yards,300.0,750,,FanDuel,Los Angeles Rams @ Philadelphia Eagles,36104923
Jalen Hurts,Alt Passing Yards,325.0,1200,,FanDuel,Los Angeles Rams @ Philadelphia Eagles,36104923
Jalen Hurts,Alt Rushing Yards,10.0,-750,,FanDuel,Los Angeles Rams @ Philadelphia Eagles,36104923
Jalen Hurts,Alt Rushing Yards,15.0,-350,,FanDuel,Los Angeles Rams @ Philadelphia Eagles,36104923
Jalen Hurts,Alt Rushing Yards,20.0,-192,,FanDuel,Los Angeles Rams @ Philadelphia Eagles,36104923
Jalen Hurts,Alt Rushing Yards,25.0,-114,,FanDuel,Los Angeles Rams @ Philadelphia Eagles,36104923
Jalen Hurts,Alt Rushing Yards,30.0,140,,FanDuel,Los Angeles Rams @ Philadelphia Eagles,36104923
Jalen Hurts,Alt Rushing Yards,40.0,280,,FanDuel,Los Angeles Rams @ Philadelphia Eagles,36104923
Jalen Hurts,Alt Rushing Yards,50.0,550,,FanDuel,Los Angeles Rams @ Philadelphia Eagles,36104923
Jalen Hurts,Alt Rushing Yards,60.0,880,,FanDuel,Los Angeles Rams @ Philadelphia Eagles,36104923
Jalen Hurts,Alt Rushing Yards,70.0,1400,,FanDuel,Los Angeles Rams @ Philadelphia Eagles,36104923
Kyren Williams,Alt Rushing Yards,25.0,-1800,,FanDuel,Los Angeles Rams @ Philadelphia Eagles,36104923
Kyren Williams,Alt Rushing Yards,30.0,-900,,FanDuel,Los Angeles Rams @ Philadelphia Eagles,36104923
Kyren Williams,Alt Rushing Yards,40.0,-350,,FanDuel,Los Angeles Rams @ Philadelphia Eagles,36104923
Kyren Williams,Alt Rushing Yards,50.0,-182,,FanDuel,Los Angeles Rams @ Philadelphia Eagles,36104923
Kyren Williams,Alt Rushing Yards,60.0,-102,,FanDuel,Los Angeles Rams @ Philadelphia Eagles,36104923
Kyren Williams,Alt Rushing Yards,70.0,168,,FanDuel,Los Angeles Rams @ Philadelphia Eagles,36104923
Kyren Williams,Alt Rushing Yards,80.0,255,,FanDuel,Los Angeles Rams @ Philadelphia Eagles,36104923
Kyren Williams,Alt Rushing Yards,90.0,390,,FanDuel,Los Angeles Rams @ Philadelphia Eagles,36104923
Kyren Williams,Alt Rushing Yards,100.0,580,,FanDuel,Los Angeles Rams @ Philadelphia Eagles,36104923
Kyren Williams,Alt Rushing Yards,110.0,800,,FanDuel,Los Angeles Rams @ Philadelphia Eagles,36104923
Kyren Williams,Alt Rushing Yards,125.0,1260,,FanDuel,Los Angeles Rams @ Philadelphia Eagles,36104923
Dontayvion Wicks,Alt Receptions,2.0,-650,,FanDuel,Los Angeles Rams @ Philadelphia Eagles,36104923
Dontayvion Wicks,Alt Receptions,3.0,-198,,FanDuel,Los Angeles Rams @ Philadelphia Eagles,36104923
Dontayvion Wicks,Alt Receptions,4.0,130,,FanDuel,Los Angeles Rams @ Philadelphia Eagles,36104923
Dontayvion Wicks,Alt Receptions,5.0,280,,FanDuel,Los Angeles Rams @ Philadelphia Eagles,36104923
Dontayvion Wicks,Alt Receptions,6.0,580,,FanDuel,Los Angeles Rams @ Philadelphia Eagles,36104923
Dontayvion Wicks,Alt Receptions,7.0,1000,,FanDuel,Los Angeles Rams @ Philadelphia Eagles,36104923
Blake Corum,Alt Rushing Yards,15.0,-1400,,FanDuel,Los Angeles Rams @ Philadelphia Eagles,36104923
Blake Corum,Alt Rushing Yards,20.0,-650,,FanDuel,Los Angeles Rams @ Philadelphia Eagles,36104923
Blake Corum,Alt Rushing Yards,25.0,-390,,FanDuel,Los Angeles Rams @ Philadelphia Eagles,36104923
Blake Corum,Alt Rushing Yards,30.0,-250,,FanDuel,Los Angeles Rams @ Philadelphia Eagles,36104923
Blake Corum,Alt Rushing Yards,40.0,-118,,FanDuel,Los Angeles Rams @ Philadelphia Eagles,36104923
Blake Corum,Alt Rushing Yards,50.0,162,,FanDuel,Los Angeles Rams @ Philadelphia Eagles,36104923
Blake Corum,Alt Rushing Yards,60.0,270,,FanDuel,Los Angeles Rams @ Philadelphia Eagles,36104923
Blake Corum,Alt Rushing Yards,70.0,430,,FanDuel,Los Angeles Rams @ Philadelphia Eagles,36104923
Blake Corum,Alt Rushing Yards,80.0,680,,FanDuel,Los Angeles Rams @ Philadelphia Eagles,36104923
Blake Corum,Alt Rushing Yards,90.0,920,,FanDuel,Los Angeles Rams @ Philadelphia Eagles,36104923
Blake Corum,Alt Rushing Yards,100.0,1280,,FanDuel,Los Angeles Rams @ Philadelphia Eagles,36104923
Matthew Stafford,Alt Passing Yards,175.0,-1000,,FanDuel,Los Angeles Rams @ Philadelphia Eagles,36104923
Matthew Stafford,Alt Passing Yards,200.0,-440,,FanDuel,Los Angeles Rams @ Philadelphia Eagles,36104923
Matthew Stafford,Alt Passing Yards,225.0,-235,,FanDuel,Los Angeles Rams @ Philadelphia Eagles,36104923
Matthew Stafford,Alt Passing Yards,250.0,-125,,FanDuel,Los Angeles Rams @ Philadelphia Eagles,36104923
Matthew Stafford,Alt Passing Yards,275.0,148,,FanDuel,Los Angeles Rams @ Philadelphia Eagles,36104923
Matthew Stafford,Alt Passing Yards,300.0,250,,FanDuel,Los Angeles Rams @ Philadelphia Eagles,36104923
Matthew Stafford,Alt Passing Yards,325.0,430,,FanDuel,Los Angeles Rams @ Philadelphia Eagles,36104923
Matthew Stafford,Alt Passing Yards,350.0,750,,FanDuel,Los Angeles Rams @ Philadelphia Eagles,36104923
Matthew Stafford,Alt Passing Yards,375.0,1200,,FanDuel,Los Angeles Rams @ Philadelphia Eagles,36104923
DeVonta Smith,Alt Receiving Yards,30.0,-1200,,FanDuel,Los Angeles Rams @ Philadelphia Eagles,36104923
DeVonta Smith,Alt Receiving Yards,40.0,-500,,FanDuel,Los Angeles Rams @ Philadelphia Eagles,36104923
DeVonta Smith,Alt Receiving Yards,50.0,-280,,FanDuel,Los Angeles Rams @ Philadelphia Eagles,36104923
DeVonta Smith,Alt Receiving Yards,60.0,-174,,FanDuel,Los Angeles Rams @ Philadelphia Eagles,36104923
DeVonta Smith,Alt Receiving Yards,70.0,-110,,FanDuel,Los Angeles Rams @ Philadelphia Eagles,36104923
DeVonta Smith,Alt Receiving Yards,80.0,142,,FanDuel,Los Angeles Rams @ Philadelphia Eagles,36104923
DeVonta Smith,Alt Receiving Yards,90.0,205,,FanDuel,Los Angeles Rams @ Philadelphia Eagles,36104923
DeVonta Smith,Alt Receiving Yards,100.0,290,,FanDuel,Los Angeles Rams @ Philadelphia Eagles,36104923
DeVonta Smith,Alt Receiving Yards,110.0,410,,FanDuel,Los Angeles Rams @ Philadelphia Eagles,36104923
DeVonta Smith,Alt Receiving Yards,125.0,680,,FanDuel,Los Angeles Rams @ Philadelphia Eagles,36104923
DeVonta Smith,Alt Receiving Yards,150.0,1260,,FanDuel,Los Angeles Rams @ Philadelphia Eagles,36104923
Dontayvion Wicks,Alt Receiving Yards,10.0,-1400,,FanDuel,Los Angeles Rams @ Philadelphia Eagles,36104923
Dontayvion Wicks,Alt Receiving Yards,15.0,-670,,FanDuel,Los Angeles Rams @ Philadelphia Eagles,36104923
Dontayvion Wicks,Alt Receiving Yards,20.0,-440,,FanDuel,Los Angeles Rams @ Philadelphia Eagles,36104923
Dontayvion Wicks,Alt Receiving Yards,25.0,-300,,FanDuel,Los Angeles Rams @ Philadelphia Eagles,36104923
Dontayvion Wicks,Alt Receiving Yards,30.0,-215,,FanDuel,Los Angeles Rams @ Philadelphia Eagles,36104923
Dontayvion Wicks,Alt Receiving Yards,40.0,-122,,FanDuel,Los Angeles Rams @ Philadelphia Eagles,36104923
Dontayvion Wicks,Alt Receiving Yards,50.0,136,,FanDuel,Los Angeles Rams @ Philadelphia Eagles,36104923
Dontayvion Wicks,Alt Receiving Yards,60.0,205,,FanDuel,Los Angeles Rams @ Philadelphia Eagles,36104923
Dontayvion Wicks,Alt Receiving Yards,70.0,300,,FanDuel,Los Angeles Rams @ Philadelphia Eagles,36104923
Dontayvion Wicks,Alt Receiving Yards,80.0,430,,FanDuel,Los Angeles Rams @ Philadelphia Eagles,36104923
Dontayvion Wicks,Alt Receiving Yards,90.0,630,,FanDuel,Los Angeles Rams @ Philadelphia Eagles,36104923
Dontayvion Wicks,Alt Receiving Yards,100.0,880,,FanDuel,Los Angeles Rams @ Philadelphia Eagles,36104923
Dontayvion Wicks,Alt Receiving Yards,110.0,1200,,FanDuel,Los Angeles Rams @ Philadelphia Eagles,36104923
Dontayvion Wicks,Alt Receiving Yards,125.0,1700,,FanDuel,Los Angeles Rams @ Philadelphia Eagles,36104923
Davante Adams,Alt Receptions,3.0,-1450,,FanDuel,Los Angeles Rams @ Philadelphia Eagles,36104923
Davante Adams,Alt Receptions,4.0,-440,,FanDuel,Los Angeles Rams @ Philadelphia Eagles,36104923
Davante Adams,Alt Receptions,5.0,-194,,FanDuel,Los Angeles Rams @ Philadelphia Eagles,36104923
Davante Adams,Alt Receptions,6.0,112,,FanDuel,Los Angeles Rams @ Philadelphia Eagles,36104923
Davante Adams,Alt Receptions,7.0,210,,FanDuel,Los Angeles Rams @ Philadelphia Eagles,36104923
Davante Adams,Alt Receptions,8.0,390,,FanDuel,Los Angeles Rams @ Philadelphia Eagles,36104923
Davante Adams,Alt Receptions,9.0,680,,FanDuel,Los Angeles Rams @ Philadelphia Eagles,36104923
Davante Adams,Alt Receptions,10.0,1200,,FanDuel,Los Angeles Rams @ Philadelphia Eagles,36104923
Saquon Barkley,Alt Rushing Yards,40.0,-1450,,FanDuel,Los Angeles Rams @ Philadelphia Eagles,36104923
Saquon Barkley,Alt Rushing Yards,50.0,-580,,FanDuel,Los Angeles Rams @ Philadelphia Eagles,36104923
Saquon Barkley,Alt Rushing Yards,60.0,-300,,FanDuel,Los Angeles Rams @ Philadelphia Eagles,36104923
Saquon Barkley,Alt Rushing Yards,70.0,-178,,FanDuel,Los Angeles Rams @ Philadelphia Eagles,36104923
Saquon Barkley,Alt Rushing Yards,80.0,-110,,FanDuel,Los Angeles Rams @ Philadelphia Eagles,36104923
Saquon Barkley,Alt Rushing Yards,90.0,142,,FanDuel,Los Angeles Rams @ Philadelphia Eagles,36104923
Saquon Barkley,Alt Rushing Yards,100.0,205,,FanDuel,Los Angeles Rams @ Philadelphia Eagles,36104923
Saquon Barkley,Alt Rushing Yards,110.0,300,,FanDuel,Los Angeles Rams @ Philadelphia Eagles,36104923
Saquon Barkley,Alt Rushing Yards,125.0,520,,FanDuel,Los Angeles Rams @ Philadelphia Eagles,36104923
Saquon Barkley,Alt Rushing Yards,150.0,1100,,FanDuel,Los Angeles Rams @ Philadelphia Eagles,36104923
DeVonta Smith,Alt Receptions,4.0,-750,,FanDuel,Los Angeles Rams @ Philadelphia Eagles,36104923
DeVonta Smith,Alt Receptions,5.0,-320,,FanDuel,Los Angeles Rams @ Philadelphia Eagles,36104923
DeVonta Smith,Alt Receptions,6.0,-154,,FanDuel,Los Angeles Rams @ Philadelphia Eagles,36104923
DeVonta Smith,Alt Receptions,7.0,122,,FanDuel,Los Angeles Rams @ Philadelphia Eagles,36104923
DeVonta Smith,Alt Receptions,8.0,220,,FanDuel,Los Angeles Rams @ Philadelphia Eagles,36104923
DeVonta Smith,Alt Receptions,9.0,370,,FanDuel,Los Angeles Rams @ Philadelphia Eagles,36104923
DeVonta Smith,Alt Receptions,10.0,630,,FanDuel,Los Angeles Rams @ Philadelphia Eagles,36104923
DeVonta Smith,Alt Receptions,11.0,920,,FanDuel,Los Angeles Rams @ Philadelphia Eagles,36104923
DeVonta Smith,Alt Receptions,12.0,1400,,FanDuel,Los Angeles Rams @ Philadelphia Eagles,36104923
Davante Adams,Alt Receiving Yards,30.0,-1450,,FanDuel,Los Angeles Rams @ Philadelphia Eagles,36104923
Davante Adams,Alt Receiving Yards,40.0,-650,,FanDuel,Los Angeles Rams @ Philadelphia Eagles,36104923
Davante Adams,Alt Receiving Yards,50.0,-350,,FanDuel,Los Angeles Rams @ Philadelphia Eagles,36104923
Davante Adams,Alt Receiving Yards,60.0,-220,,FanDuel,Los Angeles Rams @ Philadelphia Eagles,36104923
Davante Adams,Alt Receiving Yards,70.0,-140,,FanDuel,Los Angeles Rams @ Philadelphia Eagles,36104923
Davante Adams,Alt Receiving Yards,80.0,104,,FanDuel,Los Angeles Rams @ Philadelphia Eagles,36104923
Davante Adams,Alt Receiving Yards,90.0,152,,FanDuel,Los Angeles Rams @ Philadelphia Eagles,36104923
Davante Adams,Alt Receiving Yards,100.0,205,,FanDuel,Los Angeles Rams @ Philadelphia Eagles,36104923
Davante Adams,Alt Receiving Yards,110.0,280,,FanDuel,Los Angeles Rams @ Philadelphia Eagles,36104923
Davante Adams,Alt Receiving Yards,125.0,450,,FanDuel,Los Angeles Rams @ Philadelphia Eagles,36104923
Davante Adams,Alt Receiving Yards,150.0,880,,FanDuel,Los Angeles Rams @ Philadelphia Eagles,36104923
Davante Adams,Alt Receiving Yards,175.0,1500,,FanDuel,Los Angeles Rams @ Philadelphia Eagles,36104923
RJ Harvey,Alt Receiving Yards,5.0,-1200,,FanDuel,Denver Broncos @ San Francisco 49ers,36104924
RJ Harvey,Alt Receiving Yards,10.0,-420,,FanDuel,Denver Broncos @ San Francisco 49ers,36104924
RJ Harvey,Alt Receiving Yards,15.0,-235,,FanDuel,Denver Broncos @ San Francisco 49ers,36104924
RJ Harvey,Alt Receiving Yards,20.0,-138,,FanDuel,Denver Broncos @ San Francisco 49ers,36104924
RJ Harvey,Alt Receiving Yards,25.0,114,,FanDuel,Denver Broncos @ San Francisco 49ers,36104924
RJ Harvey,Alt Receiving Yards,30.0,164,,FanDuel,Denver Broncos @ San Francisco 49ers,36104924
RJ Harvey,Alt Receiving Yards,40.0,310,,FanDuel,Denver Broncos @ San Francisco 49ers,36104924
RJ Harvey,Alt Receiving Yards,50.0,550,,FanDuel,Denver Broncos @ San Francisco 49ers,36104924
RJ Harvey,Alt Receiving Yards,60.0,880,,FanDuel,Denver Broncos @ San Francisco 49ers,36104924
RJ Harvey,Alt Receiving Yards,70.0,1280,,FanDuel,Denver Broncos @ San Francisco 49ers,36104924
Pat Bryant,Alt Receiving Yards,5.0,-700,,FanDuel,Denver Broncos @ San Francisco 49ers,36104924
Pat Bryant,Alt Receiving Yards,10.0,-330,,FanDuel,Denver Broncos @ San Francisco 49ers,36104924
Pat Bryant,Alt Receiving Yards,15.0,-200,,FanDuel,Denver Broncos @ San Francisco 49ers,36104924
Pat Bryant,Alt Receiving Yards,20.0,-128,,FanDuel,Denver Broncos @ San Francisco 49ers,36104924
Pat Bryant,Alt Receiving Yards,25.0,118,,FanDuel,Denver Broncos @ San Francisco 49ers,36104924
Pat Bryant,Alt Receiving Yards,30.0,168,,FanDuel,Denver Broncos @ San Francisco 49ers,36104924
Pat Bryant,Alt Receiving Yards,40.0,310,,FanDuel,Denver Broncos @ San Francisco 49ers,36104924
Pat Bryant,Alt Receiving Yards,50.0,520,,FanDuel,Denver Broncos @ San Francisco 49ers,36104924
Pat Bryant,Alt Receiving Yards,60.0,850,,FanDuel,Denver Broncos @ San Francisco 49ers,36104924
Pat Bryant,Alt Receiving Yards,70.0,1200,,FanDuel,Denver Broncos @ San Francisco 49ers,36104924
Pat Bryant,Alt Receiving Yards,80.0,1700,,FanDuel,Denver Broncos @ San Francisco 49ers,36104924
Christian McCaffrey,Alt Receptions,3.0,-600,,FanDuel,Denver Broncos @ San Francisco 49ers,36104924
Christian McCaffrey,Alt Receptions,4.0,-250,,FanDuel,Denver Broncos @ San Francisco 49ers,36104924
Christian McCaffrey,Alt Receptions,5.0,-125,,FanDuel,Denver Broncos @ San Francisco 49ers,36104924
Christian McCaffrey,Alt Receptions,6.0,152,,FanDuel,Denver Broncos @ San Francisco 49ers,36104924
Christian McCaffrey,Alt Receptions,7.0,255,,FanDuel,Denver Broncos @ San Francisco 49ers,36104924
Christian McCaffrey,Alt Receptions,8.0,410,,FanDuel,Denver Broncos @ San Francisco 49ers,36104924
Christian McCaffrey,Alt Receptions,9.0,640,,FanDuel,Denver Broncos @ San Francisco 49ers,36104924
Christian McCaffrey,Alt Receptions,10.0,920,,FanDuel,Denver Broncos @ San Francisco 49ers,36104924
Christian McCaffrey,Alt Receptions,11.0,1280,,FanDuel,Denver Broncos @ San Francisco 49ers,36104924
Jaylen Waddle,Alt Receiving Yards,20.0,-1400,,FanDuel,Denver Broncos @ San Francisco 49ers,36104924
Jaylen Waddle,Alt Receiving Yards,25.0,-750,,FanDuel,Denver Broncos @ San Francisco 49ers,36104924
Jaylen Waddle,Alt Receiving Yards,30.0,-490,,FanDuel,Denver Broncos @ San Francisco 49ers,36104924
Jaylen Waddle,Alt Receiving Yards,40.0,-270,,FanDuel,Denver Broncos @ San Francisco 49ers,36104924
Jaylen Waddle,Alt Receiving Yards,50.0,-160,,FanDuel,Denver Broncos @ San Francisco 49ers,36104924
Jaylen Waddle,Alt Receiving Yards,60.0,100,,FanDuel,Denver Broncos @ San Francisco 49ers,36104924
Jaylen Waddle,Alt Receiving Yards,70.0,152,,FanDuel,Denver Broncos @ San Francisco 49ers,36104924
Jaylen Waddle,Alt Receiving Yards,80.0,220,,FanDuel,Denver Broncos @ San Francisco 49ers,36104924
Jaylen Waddle,Alt Receiving Yards,90.0,310,,FanDuel,Denver Broncos @ San Francisco 49ers,36104924
Jaylen Waddle,Alt Receiving Yards,100.0,410,,FanDuel,Denver Broncos @ San Francisco 49ers,36104924
Jaylen Waddle,Alt Receiving Yards,110.0,580,,FanDuel,Denver Broncos @ San Francisco 49ers,36104924
Jaylen Waddle,Alt Receiving Yards,125.0,880,,FanDuel,Denver Broncos @ San Francisco 49ers,36104924
Bo Nix,Alt Rushing Yards,5.0,-1400,,FanDuel,Denver Broncos @ San Francisco 49ers,36104924
Bo Nix,Alt Rushing Yards,10.0,-420,,FanDuel,Denver Broncos @ San Francisco 49ers,36104924
Bo Nix,Alt Rushing Yards,15.0,-210,,FanDuel,Denver Broncos @ San Francisco 49ers,36104924
Bo Nix,Alt Rushing Yards,20.0,-114,,FanDuel,Denver Broncos @ San Francisco 49ers,36104924
Bo Nix,Alt Rushing Yards,25.0,144,,FanDuel,Denver Broncos @ San Francisco 49ers,36104924
Bo Nix,Alt Rushing Yards,30.0,225,,FanDuel,Denver Broncos @ San Francisco 49ers,36104924
Bo Nix,Alt Rushing Yards,40.0,490,,FanDuel,Denver Broncos @ San Francisco 49ers,36104924
Bo Nix,Alt Rushing Yards,50.0,880,,FanDuel,Denver Broncos @ San Francisco 49ers,36104924
Bo Nix,Alt Rushing Yards,60.0,1400,,FanDuel,Denver Broncos @ San Francisco 49ers,36104924
George Kittle,Alt Receiving Yards,25.0,-1400,,FanDuel,Denver Broncos @ San Francisco 49ers,36104924
George Kittle,Alt Receiving Yards,30.0,-800,,FanDuel,Denver Broncos @ San Francisco 49ers,36104924
George Kittle,Alt Receiving Yards,40.0,-400,,FanDuel,Denver Broncos @ San Francisco 49ers,36104924
George Kittle,Alt Receiving Yards,50.0,-230,,FanDuel,Denver Broncos @ San Francisco 49ers,36104924
George Kittle,Alt Receiving Yards,60.0,-144,,FanDuel,Denver Broncos @ San Francisco 49ers,36104924
George Kittle,Alt Receiving Yards,70.0,108,,FanDuel,Denver Broncos @ San Francisco 49ers,36104924
George Kittle,Alt Receiving Yards,80.0,162,,FanDuel,Denver Broncos @ San Francisco 49ers,36104924
George Kittle,Alt Receiving Yards,90.0,225,,FanDuel,Denver Broncos @ San Francisco 49ers,36104924
George Kittle,Alt Receiving Yards,100.0,320,,FanDuel,Denver Broncos @ San Francisco 49ers,36104924
George Kittle,Alt Receiving Yards,110.0,430,,FanDuel,Denver Broncos @ San Francisco 49ers,36104924
George Kittle,Alt Receiving Yards,125.0,700,,FanDuel,Denver Broncos @ San Francisco 49ers,36104924
George Kittle,Alt Receiving Yards,150.0,1280,,FanDuel,Denver Broncos @ San Francisco 49ers,36104924
RJ Harvey,Alt Receptions,2.0,-750,,FanDuel,Denver Broncos @ San Francisco 49ers,36104924
RJ Harvey,Alt Receptions,3.0,-230,,FanDuel,Denver Broncos @ San Francisco 49ers,36104924
RJ Harvey,Alt Receptions,4.0,102,,FanDuel,Denver Broncos @ San Francisco 49ers,36104924
RJ Harvey,Alt Receptions,5.0,210,,FanDuel,Denver Broncos @ San Francisco 49ers,36104924
RJ Harvey,Alt Receptions,6.0,400,,FanDuel,Denver Broncos @ San Francisco 49ers,36104924
RJ Harvey,Alt Receptions,7.0,700,,FanDuel,Denver Broncos @ San Francisco 49ers,36104924
RJ Harvey,Alt Receptions,8.0,1200,,FanDuel,Denver Broncos @ San Francisco 49ers,36104924
Bo Nix,Alt Passing Yards,150.0,-750,,FanDuel,Denver Broncos @ San Francisco 49ers,36104924
Bo Nix,Alt Passing Yards,175.0,-360,,FanDuel,Denver Broncos @ San Francisco 49ers,36104924
Bo Nix,Alt Passing Yards,200.0,-200,,FanDuel,Denver Broncos @ San Francisco 49ers,36104924
Bo Nix,Alt Passing Yards,225.0,-108,,FanDuel,Denver Broncos @ San Francisco 49ers,36104924
Bo Nix,Alt Passing Yards,250.0,174,,FanDuel,Denver Broncos @ San Francisco 49ers,36104924
Bo Nix,Alt Passing Yards,275.0,290,,FanDuel,Denver Broncos @ San Francisco 49ers,36104924
Bo Nix,Alt Passing Yards,300.0,520,,FanDuel,Denver Broncos @ San Francisco 49ers,36104924
Bo Nix,Alt Passing Yards,325.0,880,,FanDuel,Denver Broncos @ San Francisco 49ers,36104924
Bo Nix,Alt Passing Yards,350.0,1280,,FanDuel,Denver Broncos @ San Francisco 49ers,36104924
Christian McCaffrey,Alt Receiving Yards,15.0,-800,,FanDuel,Denver Broncos @ San Francisco 49ers,36104924
Christian McCaffrey,Alt Receiving Yards,20.0,-470,,FanDuel,Denver Broncos @ San Francisco 49ers,36104924
Christian McCaffrey,Alt Receiving Yards,25.0,-300,,FanDuel,Denver Broncos @ San Francisco 49ers,36104924
Christian McCaffrey,Alt Receiving Yards,30.0,-205,,FanDuel,Denver Broncos @ San Francisco 49ers,36104924
Christian McCaffrey,Alt Receiving Yards,40.0,-108,,FanDuel,Denver Broncos @ San Francisco 49ers,36104924
Christian McCaffrey,Alt Receiving Yards,50.0,164,,FanDuel,Denver Broncos @ San Francisco 49ers,36104924
Christian McCaffrey,Alt Receiving Yards,60.0,260,,FanDuel,Denver Broncos @ San Francisco 49ers,36104924
Christian McCaffrey,Alt Receiving Yards,70.0,390,,FanDuel,Denver Broncos @ San Francisco 49ers,36104924
Christian McCaffrey,Alt Receiving Yards,80.0,580,,FanDuel,Denver Broncos @ San Francisco 49ers,36104924
Christian McCaffrey,Alt Receiving Yards,90.0,850,,FanDuel,Denver Broncos @ San Francisco 49ers,36104924
Christian McCaffrey,Alt Receiving Yards,100.0,1200,,FanDuel,Denver Broncos @ San Francisco 49ers,36104924
Christian McCaffrey,Alt Receiving Yards,110.0,1500,,FanDuel,Denver Broncos @ San Francisco 49ers,36104924
Courtland Sutton,Alt Receptions,2.0,-700,,FanDuel,Denver Broncos @ San Francisco 49ers,36104924
Courtland Sutton,Alt Receptions,3.0,-225,,FanDuel,Denver Broncos @ San Francisco 49ers,36104924
Courtland Sutton,Alt Receptions,4.0,114,,FanDuel,Denver Broncos @ San Francisco 49ers,36104924
Courtland Sutton,Alt Receptions,5.0,240,,FanDuel,Denver Broncos @ San Francisco 49ers,36104924
Courtland Sutton,Alt Receptions,6.0,490,,FanDuel,Denver Broncos @ San Francisco 49ers,36104924
Courtland Sutton,Alt Receptions,7.0,880,,FanDuel,Denver Broncos @ San Francisco 49ers,36104924
Courtland Sutton,Alt Receptions,8.0,1500,,FanDuel,Denver Broncos @ San Francisco 49ers,36104924
J.K. Dobbins,Alt Rushing Yards,30.0,-1400,,FanDuel,Denver Broncos @ San Francisco 49ers,36104924
J.K. Dobbins,Alt Rushing Yards,40.0,-490,,FanDuel,Denver Broncos @ San Francisco 49ers,36104924
J.K. Dobbins,Alt Rushing Yards,50.0,-270,,FanDuel,Denver Broncos @ San Francisco 49ers,36104924
J.K. Dobbins,Alt Rushing Yards,60.0,-158,,FanDuel,Denver Broncos @ San Francisco 49ers,36104924
J.K. Dobbins,Alt Rushing Yards,70.0,106,,FanDuel,Denver Broncos @ San Francisco 49ers,36104924
J.K. Dobbins,Alt Rushing Yards,80.0,168,,FanDuel,Denver Broncos @ San Francisco 49ers,36104924
J.K. Dobbins,Alt Rushing Yards,90.0,240,,FanDuel,Denver Broncos @ San Francisco 49ers,36104924
J.K. Dobbins,Alt Rushing Yards,100.0,350,,FanDuel,Denver Broncos @ San Francisco 49ers,36104924
J.K. Dobbins,Alt Rushing Yards,110.0,490,,FanDuel,Denver Broncos @ San Francisco 49ers,36104924
J.K. Dobbins,Alt Rushing Yards,125.0,750,,FanDuel,Denver Broncos @ San Francisco 49ers,36104924
J.K. Dobbins,Alt Rushing Yards,150.0,1500,,FanDuel,Denver Broncos @ San Francisco 49ers,36104924
Pat Bryant,Alt Receptions,1.0,-1450,,FanDuel,Denver Broncos @ San Francisco 49ers,36104924
Pat Bryant,Alt Receptions,2.0,-260,,FanDuel,Denver Broncos @ San Francisco 49ers,36104924
Pat Bryant,Alt Receptions,3.0,118,,FanDuel,Denver Broncos @ San Francisco 49ers,36104924
Pat Bryant,Alt Receptions,4.0,280,,FanDuel,Denver Broncos @ San Francisco 49ers,36104924
Pat Bryant,Alt Receptions,5.0,630,,FanDuel,Denver Broncos @ San Francisco 49ers,36104924
Pat Bryant,Alt Receptions,6.0,1200,,FanDuel,Denver Broncos @ San Francisco 49ers,36104924
George Kittle,Alt Receptions,3.0,-1000,,FanDuel,Denver Broncos @ San Francisco 49ers,36104924
George Kittle,Alt Receptions,4.0,-320,,FanDuel,Denver Broncos @ San Francisco 49ers,36104924
George Kittle,Alt Receptions,5.0,-148,,FanDuel,Denver Broncos @ San Francisco 49ers,36104924
George Kittle,Alt Receptions,6.0,134,,FanDuel,Denver Broncos @ San Francisco 49ers,36104924
George Kittle,Alt Receptions,7.0,240,,FanDuel,Denver Broncos @ San Francisco 49ers,36104924
George Kittle,Alt Receptions,8.0,410,,FanDuel,Denver Broncos @ San Francisco 49ers,36104924
George Kittle,Alt Receptions,9.0,680,,FanDuel,Denver Broncos @ San Francisco 49ers,36104924
George Kittle,Alt Receptions,10.0,1100,,FanDuel,Denver Broncos @ San Francisco 49ers,36104924
George Kittle,Alt Receptions,11.0,1500,,FanDuel,Denver Broncos @ San Francisco 49ers,36104924
Christian McCaffrey,Alt Rushing Yards,30.0,-1600,,FanDuel,Denver Broncos @ San Francisco 49ers,36104924
Christian McCaffrey,Alt Rushing Yards,40.0,-600,,FanDuel,Denver Broncos @ San Francisco 49ers,36104924
Christian McCaffrey,Alt Rushing Yards,50.0,-280,,FanDuel,Denver Broncos @ San Francisco 49ers,36104924
Christian McCaffrey,Alt Rushing Yards,60.0,-158,,FanDuel,Denver Broncos @ San Francisco 49ers,36104924
Christian McCaffrey,Alt Rushing Yards,70.0,108,,FanDuel,Denver Broncos @ San Francisco 49ers,36104924
Christian McCaffrey,Alt Rushing Yards,80.0,172,,FanDuel,Denver Broncos @ San Francisco 49ers,36104924
Christian McCaffrey,Alt Rushing Yards,90.0,260,,FanDuel,Denver Broncos @ San Francisco 49ers,36104924
Christian McCaffrey,Alt Rushing Yards,100.0,370,,FanDuel,Denver Broncos @ San Francisco 49ers,36104924
Christian McCaffrey,Alt Rushing Yards,110.0,550,,FanDuel,Denver Broncos @ San Francisco 49ers,36104924
Christian McCaffrey,Alt Rushing Yards,125.0,880,,FanDuel,Denver Broncos @ San Francisco 49ers,36104924
Courtland Sutton,Alt Receiving Yards,10.0,-1200,,FanDuel,Denver Broncos @ San Francisco 49ers,36104924
Courtland Sutton,Alt Receiving Yards,15.0,-670,,FanDuel,Denver Broncos @ San Francisco 49ers,36104924
Courtland Sutton,Alt Receiving Yards,20.0,-400,,FanDuel,Denver Broncos @ San Francisco 49ers,36104924
Courtland Sutton,Alt Receiving Yards,25.0,-270,,FanDuel,Denver Broncos @ San Francisco 49ers,36104924
Courtland Sutton,Alt Receiving Yards,30.0,-194,,FanDuel,Denver Broncos @ San Francisco 49ers,36104924
Courtland Sutton,Alt Receiving Yards,40.0,-108,,FanDuel,Denver Broncos @ San Francisco 49ers,36104924
Courtland Sutton,Alt Receiving Yards,50.0,154,,FanDuel,Denver Broncos @ San Francisco 49ers,36104924
Courtland Sutton,Alt Receiving Yards,60.0,230,,FanDuel,Denver Broncos @ San Francisco 49ers,36104924
Courtland Sutton,Alt Receiving Yards,70.0,350,,FanDuel,Denver Broncos @ San Francisco 49ers,36104924
Courtland Sutton,Alt Receiving Yards,80.0,520,,FanDuel,Denver Broncos @ San Francisco 49ers,36104924
Courtland Sutton,Alt Receiving Yards,90.0,700,,FanDuel,Denver Broncos @ San Francisco 49ers,36104924
Courtland Sutton,Alt Receiving Yards,100.0,920,,FanDuel,Denver Broncos @ San Francisco 49ers,36104924
Courtland Sutton,Alt Receiving Yards,110.0,1280,,FanDuel,Denver Broncos @ San Francisco 49ers,36104924
Brock Purdy,Alt Rushing Yards,5.0,-750,,FanDuel,Denver Broncos @ San Francisco 49ers,36104924
Brock Purdy,Alt Rushing Yards,10.0,-290,,FanDuel,Denver Broncos @ San Francisco 49ers,36104924
Brock Purdy,Alt Rushing Yards,15.0,-146,,FanDuel,Denver Broncos @ San Francisco 49ers,36104924
Brock Purdy,Alt Rushing Yards,20.0,124,,FanDuel,Denver Broncos @ San Francisco 49ers,36104924
Brock Purdy,Alt Rushing Yards,25.0,198,,FanDuel,Denver Broncos @ San Francisco 49ers,36104924
Brock Purdy,Alt Rushing Yards,30.0,310,,FanDuel,Denver Broncos @ San Francisco 49ers,36104924
Brock Purdy,Alt Rushing Yards,40.0,640,,FanDuel,Denver Broncos @ San Francisco 49ers,36104924
Jaylen Waddle,Alt Receptions,3.0,-550,,FanDuel,Denver Broncos @ San Francisco 49ers,36104924
Jaylen Waddle,Alt Receptions,4.0,-220,,FanDuel,Denver Broncos @ San Francisco 49ers,36104924
Jaylen Waddle,Alt Receptions,5.0,104,,FanDuel,Denver Broncos @ San Francisco 49ers,36104924
Jaylen Waddle,Alt Receptions,6.0,205,,FanDuel,Denver Broncos @ San Francisco 49ers,36104924
Jaylen Waddle,Alt Receptions,7.0,390,,FanDuel,Denver Broncos @ San Francisco 49ers,36104924
Jaylen Waddle,Alt Receptions,8.0,700,,FanDuel,Denver Broncos @ San Francisco 49ers,36104924
Jaylen Waddle,Alt Receptions,9.0,1200,,FanDuel,Denver Broncos @ San Francisco 49ers,36104924
Brock Purdy,Alt Passing Yards,150.0,-1100,,FanDuel,Denver Broncos @ San Francisco 49ers,36104924
Brock Purdy,Alt Passing Yards,175.0,-450,,FanDuel,Denver Broncos @ San Francisco 49ers,36104924
Brock Purdy,Alt Passing Yards,200.0,-245,,FanDuel,Denver Broncos @ San Francisco 49ers,36104924
Brock Purdy,Alt Passing Yards,225.0,-130,,FanDuel,Denver Broncos @ San Francisco 49ers,36104924
Brock Purdy,Alt Passing Yards,250.0,142,,FanDuel,Denver Broncos @ San Francisco 49ers,36104924
Brock Purdy,Alt Passing Yards,275.0,240,,FanDuel,Denver Broncos @ San Francisco 49ers,36104924
Brock Purdy,Alt Passing Yards,300.0,430,,FanDuel,Denver Broncos @ San Francisco 49ers,36104924
Brock Purdy,Alt Passing Yards,325.0,750,,FanDuel,Denver Broncos @ San Francisco 49ers,36104924
Brock Purdy,Alt Passing Yards,350.0,1200,,FanDuel,Denver Broncos @ San Francisco 49ers,36104924
Ashton Jeanty,Alt Rushing Yards,30.0,-1000,,FanDuel,Kansas City Chiefs @ Las Vegas Raiders,36104926
Ashton Jeanty,Alt Rushing Yards,40.0,-400,,FanDuel,Kansas City Chiefs @ Las Vegas Raiders,36104926
Ashton Jeanty,Alt Rushing Yards,50.0,-210,,FanDuel,Kansas City Chiefs @ Las Vegas Raiders,36104926
Ashton Jeanty,Alt Rushing Yards,60.0,-120,,FanDuel,Kansas City Chiefs @ Las Vegas Raiders,36104926
Ashton Jeanty,Alt Rushing Yards,70.0,136,,FanDuel,Kansas City Chiefs @ Las Vegas Raiders,36104926
Ashton Jeanty,Alt Rushing Yards,80.0,205,,FanDuel,Kansas City Chiefs @ Las Vegas Raiders,36104926
Ashton Jeanty,Alt Rushing Yards,90.0,310,,FanDuel,Kansas City Chiefs @ Las Vegas Raiders,36104926
Ashton Jeanty,Alt Rushing Yards,100.0,430,,FanDuel,Kansas City Chiefs @ Las Vegas Raiders,36104926
Ashton Jeanty,Alt Rushing Yards,110.0,630,,FanDuel,Kansas City Chiefs @ Las Vegas Raiders,36104926
Ashton Jeanty,Alt Rushing Yards,125.0,920,,FanDuel,Kansas City Chiefs @ Las Vegas Raiders,36104926
Kenneth Walker III,Alt Rushing Yards,50.0,-1000,,FanDuel,Kansas City Chiefs @ Las Vegas Raiders,36104926
Kenneth Walker III,Alt Rushing Yards,60.0,-500,,FanDuel,Kansas City Chiefs @ Las Vegas Raiders,36104926
Kenneth Walker III,Alt Rushing Yards,70.0,-300,,FanDuel,Kansas City Chiefs @ Las Vegas Raiders,36104926
Kenneth Walker III,Alt Rushing Yards,80.0,-192,,FanDuel,Kansas City Chiefs @ Las Vegas Raiders,36104926
Kenneth Walker III,Alt Rushing Yards,90.0,-128,,FanDuel,Kansas City Chiefs @ Las Vegas Raiders,36104926
Kenneth Walker III,Alt Rushing Yards,100.0,118,,FanDuel,Kansas City Chiefs @ Las Vegas Raiders,36104926
Kenneth Walker III,Alt Rushing Yards,110.0,168,,FanDuel,Kansas City Chiefs @ Las Vegas Raiders,36104926
Kenneth Walker III,Alt Rushing Yards,125.0,280,,FanDuel,Kansas City Chiefs @ Las Vegas Raiders,36104926
Kenneth Walker III,Alt Rushing Yards,150.0,630,,FanDuel,Kansas City Chiefs @ Las Vegas Raiders,36104926
Kenneth Walker III,Alt Rushing Yards,175.0,1200,,FanDuel,Kansas City Chiefs @ Las Vegas Raiders,36104926
Kirk Cousins,Alt Passing Yards,150.0,-1100,,FanDuel,Kansas City Chiefs @ Las Vegas Raiders,36104926
Kirk Cousins,Alt Passing Yards,175.0,-450,,FanDuel,Kansas City Chiefs @ Las Vegas Raiders,36104926
Kirk Cousins,Alt Passing Yards,200.0,-235,,FanDuel,Kansas City Chiefs @ Las Vegas Raiders,36104926
Kirk Cousins,Alt Passing Yards,225.0,-122,,FanDuel,Kansas City Chiefs @ Las Vegas Raiders,36104926
Kirk Cousins,Alt Passing Yards,250.0,154,,FanDuel,Kansas City Chiefs @ Las Vegas Raiders,36104926
Kirk Cousins,Alt Passing Yards,275.0,270,,FanDuel,Kansas City Chiefs @ Las Vegas Raiders,36104926
Kirk Cousins,Alt Passing Yards,300.0,470,,FanDuel,Kansas City Chiefs @ Las Vegas Raiders,36104926
Kirk Cousins,Alt Passing Yards,325.0,800,,FanDuel,Kansas City Chiefs @ Las Vegas Raiders,36104926
Kirk Cousins,Alt Passing Yards,350.0,1260,,FanDuel,Kansas City Chiefs @ Las Vegas Raiders,36104926
Patrick Mahomes,Alt Passing Yards,150.0,-1450,,FanDuel,Kansas City Chiefs @ Las Vegas Raiders,36104926
Patrick Mahomes,Alt Passing Yards,175.0,-600,,FanDuel,Kansas City Chiefs @ Las Vegas Raiders,36104926
Patrick Mahomes,Alt Passing Yards,200.0,-300,,FanDuel,Kansas City Chiefs @ Las Vegas Raiders,36104926
Patrick Mahomes,Alt Passing Yards,225.0,-158,,FanDuel,Kansas City Chiefs @ Las Vegas Raiders,36104926
Patrick Mahomes,Alt Passing Yards,250.0,118,,FanDuel,Kansas City Chiefs @ Las Vegas Raiders,36104926
Patrick Mahomes,Alt Passing Yards,275.0,205,,FanDuel,Kansas City Chiefs @ Las Vegas Raiders,36104926
Patrick Mahomes,Alt Passing Yards,300.0,360,,FanDuel,Kansas City Chiefs @ Las Vegas Raiders,36104926
Patrick Mahomes,Alt Passing Yards,325.0,630,,FanDuel,Kansas City Chiefs @ Las Vegas Raiders,36104926
Patrick Mahomes,Alt Passing Yards,350.0,920,,FanDuel,Kansas City Chiefs @ Las Vegas Raiders,36104926
Patrick Mahomes,Alt Passing Yards,375.0,1500,,FanDuel,Kansas City Chiefs @ Las Vegas Raiders,36104926
Jameson Williams,Alt Receptions,2.0,-900,,FanDuel,Detroit Lions @ Carolina Panthers,36104927
Jameson Williams,Alt Receptions,3.0,-270,,FanDuel,Detroit Lions @ Carolina Panthers,36104927
Jameson Williams,Alt Receptions,4.0,-102,,FanDuel,Detroit Lions @ Carolina Panthers,36104927
Jameson Williams,Alt Receptions,5.0,210,,FanDuel,Detroit Lions @ Carolina Panthers,36104927
Jameson Williams,Alt Receptions,6.0,430,,FanDuel,Detroit Lions @ Carolina Panthers,36104927
Jameson Williams,Alt Receptions,7.0,850,,FanDuel,Detroit Lions @ Carolina Panthers,36104927
Jameson Williams,Alt Receptions,8.0,1400,,FanDuel,Detroit Lions @ Carolina Panthers,36104927
Jameson Williams,Alt Receiving Yards,15.0,-1200,,FanDuel,Detroit Lions @ Carolina Panthers,36104927
Jameson Williams,Alt Receiving Yards,20.0,-700,,FanDuel,Detroit Lions @ Carolina Panthers,36104927
Jameson Williams,Alt Receiving Yards,25.0,-470,,FanDuel,Detroit Lions @ Carolina Panthers,36104927
Jameson Williams,Alt Receiving Yards,30.0,-330,,FanDuel,Detroit Lions @ Carolina Panthers,36104927
Jameson Williams,Alt Receiving Yards,40.0,-192,,FanDuel,Detroit Lions @ Carolina Panthers,36104927
Jameson Williams,Alt Receiving Yards,50.0,-114,,FanDuel,Detroit Lions @ Carolina Panthers,36104927
Jameson Williams,Alt Receiving Yards,60.0,136,,FanDuel,Detroit Lions @ Carolina Panthers,36104927
Jameson Williams,Alt Receiving Yards,70.0,198,,FanDuel,Detroit Lions @ Carolina Panthers,36104927
Jameson Williams,Alt Receiving Yards,80.0,280,,FanDuel,Detroit Lions @ Carolina Panthers,36104927
Jameson Williams,Alt Receiving Yards,90.0,400,,FanDuel,Detroit Lions @ Carolina Panthers,36104927
Jameson Williams,Alt Receiving Yards,100.0,580,,FanDuel,Detroit Lions @ Carolina Panthers,36104927
Jameson Williams,Alt Receiving Yards,110.0,750,,FanDuel,Detroit Lions @ Carolina Panthers,36104927
Jameson Williams,Alt Receiving Yards,125.0,1200,,FanDuel,Detroit Lions @ Carolina Panthers,36104927
Sam LaPorta,Alt Receiving Yards,20.0,-1000,,FanDuel,Detroit Lions @ Carolina Panthers,36104927
Sam LaPorta,Alt Receiving Yards,25.0,-580,,FanDuel,Detroit Lions @ Carolina Panthers,36104927
Sam LaPorta,Alt Receiving Yards,30.0,-380,,FanDuel,Detroit Lions @ Carolina Panthers,36104927
Sam LaPorta,Alt Receiving Yards,40.0,-198,,FanDuel,Detroit Lions @ Carolina Panthers,36104927
Sam LaPorta,Alt Receiving Yards,50.0,-108,,FanDuel,Detroit Lions @ Carolina Panthers,36104927
Sam LaPorta,Alt Receiving Yards,60.0,154,,FanDuel,Detroit Lions @ Carolina Panthers,36104927
Sam LaPorta,Alt Receiving Yards,70.0,240,,FanDuel,Detroit Lions @ Carolina Panthers,36104927
Sam LaPorta,Alt Receiving Yards,80.0,370,,FanDuel,Detroit Lions @ Carolina Panthers,36104927
Sam LaPorta,Alt Receiving Yards,90.0,550,,FanDuel,Detroit Lions @ Carolina Panthers,36104927
Sam LaPorta,Alt Receiving Yards,100.0,800,,FanDuel,Detroit Lions @ Carolina Panthers,36104927
Sam LaPorta,Alt Receiving Yards,110.0,1100,,FanDuel,Detroit Lions @ Carolina Panthers,36104927
Sam LaPorta,Alt Receiving Yards,125.0,1700,,FanDuel,Detroit Lions @ Carolina Panthers,36104927
Jahmyr Gibbs,Alt Rushing Yards,50.0,-1600,,FanDuel,Detroit Lions @ Carolina Panthers,36104927
Jahmyr Gibbs,Alt Rushing Yards,60.0,-700,,FanDuel,Detroit Lions @ Carolina Panthers,36104927
Jahmyr Gibbs,Alt Rushing Yards,70.0,-400,,FanDuel,Detroit Lions @ Carolina Panthers,36104927
Jahmyr Gibbs,Alt Rushing Yards,80.0,-240,,FanDuel,Detroit Lions @ Carolina Panthers,36104927
Jahmyr Gibbs,Alt Rushing Yards,90.0,-154,,FanDuel,Detroit Lions @ Carolina Panthers,36104927
Jahmyr Gibbs,Alt Rushing Yards,100.0,-102,,FanDuel,Detroit Lions @ Carolina Panthers,36104927
Jahmyr Gibbs,Alt Rushing Yards,110.0,144,,FanDuel,Detroit Lions @ Carolina Panthers,36104927
Jahmyr Gibbs,Alt Rushing Yards,125.0,230,,FanDuel,Detroit Lions @ Carolina Panthers,36104927
Jahmyr Gibbs,Alt Rushing Yards,150.0,520,,FanDuel,Detroit Lions @ Carolina Panthers,36104927
Jahmyr Gibbs,Alt Rushing Yards,175.0,1000,,FanDuel,Detroit Lions @ Carolina Panthers,36104927
Amon-Ra St. Brown,Alt Receptions,5.0,-600,,FanDuel,Detroit Lions @ Carolina Panthers,36104927
Amon-Ra St. Brown,Alt Receptions,6.0,-280,,FanDuel,Detroit Lions @ Carolina Panthers,36104927
Amon-Ra St. Brown,Alt Receptions,7.0,-152,,FanDuel,Detroit Lions @ Carolina Panthers,36104927
Amon-Ra St. Brown,Alt Receptions,8.0,124,,FanDuel,Detroit Lions @ Carolina Panthers,36104927
Amon-Ra St. Brown,Alt Receptions,9.0,205,,FanDuel,Detroit Lions @ Carolina Panthers,36104927
Amon-Ra St. Brown,Alt Receptions,10.0,320,,FanDuel,Detroit Lions @ Carolina Panthers,36104927
Amon-Ra St. Brown,Alt Receptions,11.0,550,,FanDuel,Detroit Lions @ Carolina Panthers,36104927
Amon-Ra St. Brown,Alt Receptions,12.0,880,,FanDuel,Detroit Lions @ Carolina Panthers,36104927
Amon-Ra St. Brown,Alt Receptions,13.0,1260,,FanDuel,Detroit Lions @ Carolina Panthers,36104927
Jared Goff,Alt Passing Yards,175.0,-1200,,FanDuel,Detroit Lions @ Carolina Panthers,36104927
Jared Goff,Alt Passing Yards,200.0,-550,,FanDuel,Detroit Lions @ Carolina Panthers,36104927
Jared Goff,Alt Passing Yards,225.0,-275,,FanDuel,Detroit Lions @ Carolina Panthers,36104927
Jared Goff,Alt Passing Yards,250.0,-152,,FanDuel,Detroit Lions @ Carolina Panthers,36104927
Jared Goff,Alt Passing Yards,275.0,122,,FanDuel,Detroit Lions @ Carolina Panthers,36104927
Jared Goff,Alt Passing Yards,300.0,210,,FanDuel,Detroit Lions @ Carolina Panthers,36104927
Jared Goff,Alt Passing Yards,325.0,370,,FanDuel,Detroit Lions @ Carolina Panthers,36104927
Jared Goff,Alt Passing Yards,350.0,640,,FanDuel,Detroit Lions @ Carolina Panthers,36104927
Jared Goff,Alt Passing Yards,375.0,1000,,FanDuel,Detroit Lions @ Carolina Panthers,36104927
Jared Goff,Alt Passing Yards,400.0,1500,,FanDuel,Detroit Lions @ Carolina Panthers,36104927
Sam LaPorta,Alt Receptions,3.0,-650,,FanDuel,Detroit Lions @ Carolina Panthers,36104927
Sam LaPorta,Alt Receptions,4.0,-245,,FanDuel,Detroit Lions @ Carolina Panthers,36104927
Sam LaPorta,Alt Receptions,5.0,-110,,FanDuel,Detroit Lions @ Carolina Panthers,36104927
Sam LaPorta,Alt Receptions,6.0,182,,FanDuel,Detroit Lions @ Carolina Panthers,36104927
Sam LaPorta,Alt Receptions,7.0,320,,FanDuel,Detroit Lions @ Carolina Panthers,36104927
Sam LaPorta,Alt Receptions,8.0,630,,FanDuel,Detroit Lions @ Carolina Panthers,36104927
Sam LaPorta,Alt Receptions,9.0,920,,FanDuel,Detroit Lions @ Carolina Panthers,36104927
Sam LaPorta,Alt Receptions,10.0,1500,,FanDuel,Detroit Lions @ Carolina Panthers,36104927
Tetairoa McMillan,Alt Receptions,3.0,-1000,,FanDuel,Detroit Lions @ Carolina Panthers,36104927
Tetairoa McMillan,Alt Receptions,4.0,-320,,FanDuel,Detroit Lions @ Carolina Panthers,36104927
Tetairoa McMillan,Alt Receptions,5.0,-146,,FanDuel,Detroit Lions @ Carolina Panthers,36104927
Tetairoa McMillan,Alt Receptions,6.0,140,,FanDuel,Detroit Lions @ Carolina Panthers,36104927
Tetairoa McMillan,Alt Receptions,7.0,265,,FanDuel,Detroit Lions @ Carolina Panthers,36104927
Tetairoa McMillan,Alt Receptions,8.0,470,,FanDuel,Detroit Lions @ Carolina Panthers,36104927
Tetairoa McMillan,Alt Receptions,9.0,800,,FanDuel,Detroit Lions @ Carolina Panthers,36104927
Tetairoa McMillan,Alt Receptions,10.0,1280,,FanDuel,Detroit Lions @ Carolina Panthers,36104927
Bryce Young,Alt Passing Yards,150.0,-1400,,FanDuel,Detroit Lions @ Carolina Panthers,36104927
Bryce Young,Alt Passing Yards,175.0,-650,,FanDuel,Detroit Lions @ Carolina Panthers,36104927
Bryce Young,Alt Passing Yards,200.0,-320,,FanDuel,Detroit Lions @ Carolina Panthers,36104927
Bryce Young,Alt Passing Yards,225.0,-178,,FanDuel,Detroit Lions @ Carolina Panthers,36104927
Bryce Young,Alt Passing Yards,250.0,104,,FanDuel,Detroit Lions @ Carolina Panthers,36104927
Bryce Young,Alt Passing Yards,275.0,182,,FanDuel,Detroit Lions @ Carolina Panthers,36104927
Bryce Young,Alt Passing Yards,300.0,310,,FanDuel,Detroit Lions @ Carolina Panthers,36104927
Bryce Young,Alt Passing Yards,325.0,550,,FanDuel,Detroit Lions @ Carolina Panthers,36104927
Bryce Young,Alt Passing Yards,350.0,880,,FanDuel,Detroit Lions @ Carolina Panthers,36104927
Bryce Young,Alt Passing Yards,375.0,1280,,FanDuel,Detroit Lions @ Carolina Panthers,36104927
Bryce Young,Alt Rushing Yards,5.0,-440,,FanDuel,Detroit Lions @ Carolina Panthers,36104927
Bryce Young,Alt Rushing Yards,10.0,-178,,FanDuel,Detroit Lions @ Carolina Panthers,36104927
Bryce Young,Alt Rushing Yards,15.0,114,,FanDuel,Detroit Lions @ Carolina Panthers,36104927
Bryce Young,Alt Rushing Yards,20.0,194,,FanDuel,Detroit Lions @ Carolina Panthers,36104927
Bryce Young,Alt Rushing Yards,25.0,320,,FanDuel,Detroit Lions @ Carolina Panthers,36104927
Bryce Young,Alt Rushing Yards,30.0,520,,FanDuel,Detroit Lions @ Carolina Panthers,36104927
Isaac TeSlaa,Alt Receiving Yards,5.0,-400,,FanDuel,Detroit Lions @ Carolina Panthers,36104927
Isaac TeSlaa,Alt Receiving Yards,10.0,-230,,FanDuel,Detroit Lions @ Carolina Panthers,36104927
Isaac TeSlaa,Alt Receiving Yards,15.0,-146,,FanDuel,Detroit Lions @ Carolina Panthers,36104927
Isaac TeSlaa,Alt Receiving Yards,20.0,102,,FanDuel,Detroit Lions @ Carolina Panthers,36104927
Isaac TeSlaa,Alt Receiving Yards,25.0,144,,FanDuel,Detroit Lions @ Carolina Panthers,36104927
Isaac TeSlaa,Alt Receiving Yards,30.0,194,,FanDuel,Detroit Lions @ Carolina Panthers,36104927
Isaac TeSlaa,Alt Receiving Yards,40.0,320,,FanDuel,Detroit Lions @ Carolina Panthers,36104927
Isaac TeSlaa,Alt Receiving Yards,50.0,520,,FanDuel,Detroit Lions @ Carolina Panthers,36104927
Isaac TeSlaa,Alt Receiving Yards,60.0,750,,FanDuel,Detroit Lions @ Carolina Panthers,36104927
Isaac TeSlaa,Alt Receptions,1.0,-500,,FanDuel,Detroit Lions @ Carolina Panthers,36104927
Isaac TeSlaa,Alt Receptions,2.0,-108,,FanDuel,Detroit Lions @ Carolina Panthers,36104927
Isaac TeSlaa,Alt Receptions,3.0,290,,FanDuel,Detroit Lions @ Carolina Panthers,36104927
Isaac TeSlaa,Alt Receptions,4.0,700,,FanDuel,Detroit Lions @ Carolina Panthers,36104927
Jahmyr Gibbs,Alt Receiving Yards,10.0,-1450,,FanDuel,Detroit Lions @ Carolina Panthers,36104927
Jahmyr Gibbs,Alt Receiving Yards,15.0,-670,,FanDuel,Detroit Lions @ Carolina Panthers,36104927
Jahmyr Gibbs,Alt Receiving Yards,20.0,-400,,FanDuel,Detroit Lions @ Carolina Panthers,36104927
Jahmyr Gibbs,Alt Receiving Yards,25.0,-250,,FanDuel,Detroit Lions @ Carolina Panthers,36104927
Jahmyr Gibbs,Alt Receiving Yards,30.0,-174,,FanDuel,Detroit Lions @ Carolina Panthers,36104927
Jahmyr Gibbs,Alt Receiving Yards,40.0,112,,FanDuel,Detroit Lions @ Carolina Panthers,36104927
Jahmyr Gibbs,Alt Receiving Yards,50.0,198,,FanDuel,Detroit Lions @ Carolina Panthers,36104927
Jahmyr Gibbs,Alt Receiving Yards,60.0,320,,FanDuel,Detroit Lions @ Carolina Panthers,36104927
Jahmyr Gibbs,Alt Receiving Yards,70.0,520,,FanDuel,Detroit Lions @ Carolina Panthers,36104927
Jahmyr Gibbs,Alt Receiving Yards,80.0,750,,FanDuel,Detroit Lions @ Carolina Panthers,36104927
Jahmyr Gibbs,Alt Receiving Yards,90.0,1100,,FanDuel,Detroit Lions @ Carolina Panthers,36104927
Jahmyr Gibbs,Alt Receiving Yards,100.0,1500,,FanDuel,Detroit Lions @ Carolina Panthers,36104927
Chuba Hubbard,Alt Rushing Yards,30.0,-1450,,FanDuel,Detroit Lions @ Carolina Panthers,36104927
Chuba Hubbard,Alt Rushing Yards,40.0,-550,,FanDuel,Detroit Lions @ Carolina Panthers,36104927
Chuba Hubbard,Alt Rushing Yards,50.0,-275,,FanDuel,Detroit Lions @ Carolina Panthers,36104927
Chuba Hubbard,Alt Rushing Yards,60.0,-166,,FanDuel,Detroit Lions @ Carolina Panthers,36104927
Chuba Hubbard,Alt Rushing Yards,70.0,100,,FanDuel,Detroit Lions @ Carolina Panthers,36104927
Chuba Hubbard,Alt Rushing Yards,80.0,154,,FanDuel,Detroit Lions @ Carolina Panthers,36104927
Chuba Hubbard,Alt Rushing Yards,90.0,225,,FanDuel,Detroit Lions @ Carolina Panthers,36104927
Chuba Hubbard,Alt Rushing Yards,100.0,320,,FanDuel,Detroit Lions @ Carolina Panthers,36104927
Chuba Hubbard,Alt Rushing Yards,110.0,450,,FanDuel,Detroit Lions @ Carolina Panthers,36104927
Chuba Hubbard,Alt Rushing Yards,125.0,750,,FanDuel,Detroit Lions @ Carolina Panthers,36104927
Chuba Hubbard,Alt Rushing Yards,150.0,1500,,FanDuel,Detroit Lions @ Carolina Panthers,36104927
Amon-Ra St. Brown,Alt Receiving Yards,40.0,-800,,FanDuel,Detroit Lions @ Carolina Panthers,36104927
Amon-Ra St. Brown,Alt Receiving Yards,50.0,-420,,FanDuel,Detroit Lions @ Carolina Panthers,36104927
Amon-Ra St. Brown,Alt Receiving Yards,60.0,-245,,FanDuel,Detroit Lions @ Carolina Panthers,36104927
Amon-Ra St. Brown,Alt Receiving Yards,70.0,-152,,FanDuel,Detroit Lions @ Carolina Panthers,36104927
Amon-Ra St. Brown,Alt Receiving Yards,80.0,104,,FanDuel,Detroit Lions @ Carolina Panthers,36104927
Amon-Ra St. Brown,Alt Receiving Yards,90.0,154,,FanDuel,Detroit Lions @ Carolina Panthers,36104927
Amon-Ra St. Brown,Alt Receiving Yards,100.0,220,,FanDuel,Detroit Lions @ Carolina Panthers,36104927
Amon-Ra St. Brown,Alt Receiving Yards,110.0,310,,FanDuel,Detroit Lions @ Carolina Panthers,36104927
Amon-Ra St. Brown,Alt Receiving Yards,125.0,520,,FanDuel,Detroit Lions @ Carolina Panthers,36104927
Amon-Ra St. Brown,Alt Receiving Yards,150.0,1000,,FanDuel,Detroit Lions @ Carolina Panthers,36104927
Tetairoa McMillan,Alt Receiving Yards,25.0,-1450,,FanDuel,Detroit Lions @ Carolina Panthers,36104927
Tetairoa McMillan,Alt Receiving Yards,30.0,-1000,,FanDuel,Detroit Lions @ Carolina Panthers,36104927
Tetairoa McMillan,Alt Receiving Yards,40.0,-470,,FanDuel,Detroit Lions @ Carolina Panthers,36104927
Tetairoa McMillan,Alt Receiving Yards,50.0,-290,,FanDuel,Detroit Lions @ Carolina Panthers,36104927
Tetairoa McMillan,Alt Receiving Yards,60.0,-182,,FanDuel,Detroit Lions @ Carolina Panthers,36104927
Tetairoa McMillan,Alt Receiving Yards,70.0,-118,,FanDuel,Detroit Lions @ Carolina Panthers,36104927
Tetairoa McMillan,Alt Receiving Yards,80.0,124,,FanDuel,Detroit Lions @ Carolina Panthers,36104927
Tetairoa McMillan,Alt Receiving Yards,90.0,178,,FanDuel,Detroit Lions @ Carolina Panthers,36104927
Tetairoa McMillan,Alt Receiving Yards,100.0,235,,FanDuel,Detroit Lions @ Carolina Panthers,36104927
Tetairoa McMillan,Alt Receiving Yards,110.0,320,,FanDuel,Detroit Lions @ Carolina Panthers,36104927
Tetairoa McMillan,Alt Receiving Yards,125.0,520,,FanDuel,Detroit Lions @ Carolina Panthers,36104927
Tetairoa McMillan,Alt Receiving Yards,150.0,920,,FanDuel,Detroit Lions @ Carolina Panthers,36104927
Jahmyr Gibbs,Alt Receptions,3.0,-670,,FanDuel,Detroit Lions @ Carolina Panthers,36104927
Jahmyr Gibbs,Alt Receptions,4.0,-270,,FanDuel,Detroit Lions @ Carolina Panthers,36104927
Jahmyr Gibbs,Alt Receptions,5.0,-130,,FanDuel,Detroit Lions @ Carolina Panthers,36104927
Jahmyr Gibbs,Alt Receptions,6.0,154,,FanDuel,Detroit Lions @ Carolina Panthers,36104927
Jahmyr Gibbs,Alt Receptions,7.0,270,,FanDuel,Detroit Lions @ Carolina Panthers,36104927
Jahmyr Gibbs,Alt Receptions,8.0,470,,FanDuel,Detroit Lions @ Carolina Panthers,36104927
Jahmyr Gibbs,Alt Receptions,9.0,750,,FanDuel,Detroit Lions @ Carolina Panthers,36104927
Jahmyr Gibbs,Alt Receptions,10.0,1200,,FanDuel,Detroit Lions @ Carolina Panthers,36104927
Daniel Jones,Rushing Yards,11.5,-114,-114,FanDuel,Indianapolis Colts @ Washington Commanders,35605982
Jonathan Taylor,Receptions,2.5,-130,-102,FanDuel,Indianapolis Colts @ Washington Commanders,35605982
Marcus Mariota,Passing Yards,212.5,-114,-114,FanDuel,Indianapolis Colts @ Washington Commanders,35605982
Marcus Mariota,Rushing Yards,27.5,-114,-114,FanDuel,Indianapolis Colts @ Washington Commanders,35605982
Jonathan Taylor,Rushing Yards,90.5,-114,-114,FanDuel,Indianapolis Colts @ Washington Commanders,35605982
Jacory Croskey-Merritt,Rushing Yards,54.5,-114,-114,FanDuel,Indianapolis Colts @ Washington Commanders,35605982
Stefon Diggs,Receiving Yards,41.5,-114,-114,FanDuel,Indianapolis Colts @ Washington Commanders,35605982
Tyler Warren,Receptions,5.5,-102,-130,FanDuel,Indianapolis Colts @ Washington Commanders,35605982
Stefon Diggs,Receptions,4.5,116,-154,FanDuel,Indianapolis Colts @ Washington Commanders,35605982
Jonathan Taylor,Receiving Yards,19.5,-114,-114,FanDuel,Indianapolis Colts @ Washington Commanders,35605982
Terry McLaurin,Receptions,4.5,-118,-112,FanDuel,Indianapolis Colts @ Washington Commanders,35605982
Terry McLaurin,Receiving Yards,55.5,-114,-114,FanDuel,Indianapolis Colts @ Washington Commanders,35605982
Josh Downs,Receptions,5.5,122,-162,FanDuel,Indianapolis Colts @ Washington Commanders,35605982
Keenan Allen,Receiving Yards,33.5,-114,-114,FanDuel,Indianapolis Colts @ Washington Commanders,35605982
Tyler Warren,Receiving Yards,46.5,-114,-114,FanDuel,Indianapolis Colts @ Washington Commanders,35605982
Daniel Jones,Passing Yards,224.5,-114,-114,FanDuel,Indianapolis Colts @ Washington Commanders,35605982
Keenan Allen,Receptions,3.5,-108,-122,FanDuel,Indianapolis Colts @ Washington Commanders,35605982
Josh Downs,Receiving Yards,64.5,-114,-114,FanDuel,Indianapolis Colts @ Washington Commanders,35605982
DK Metcalf,Receptions,3.5,-122,-108,FanDuel,Pittsburgh Steelers @ Cleveland Browns,36104915
Harold Fannin Jr.,Receiving Yards,40.5,-114,-114,FanDuel,Pittsburgh Steelers @ Cleveland Browns,36104915
Quinshon Judkins,Rushing Yards,55.5,-114,-114,FanDuel,Pittsburgh Steelers @ Cleveland Browns,36104915
Darnell Washington,Receptions,1.5,-188,140,FanDuel,Pittsburgh Steelers @ Cleveland Browns,36104915
KC Concepcion,Receptions,3.5,-138,104,FanDuel,Pittsburgh Steelers @ Cleveland Browns,36104915
Aaron Rodgers,Passing Yards,212.5,-114,-114,FanDuel,Pittsburgh Steelers @ Cleveland Browns,36104915
KC Concepcion,Receiving Yards,34.5,-114,-114,FanDuel,Pittsburgh Steelers @ Cleveland Browns,36104915
Denzel Boston,Receiving Yards,35.5,-114,-114,FanDuel,Pittsburgh Steelers @ Cleveland Browns,36104915
Pat Freiermuth,Receptions,3.5,-102,-130,FanDuel,Pittsburgh Steelers @ Cleveland Browns,36104915
Deshaun Watson,Rushing Yards,29.5,-114,-114,FanDuel,Pittsburgh Steelers @ Cleveland Browns,36104915
Harold Fannin Jr.,Receptions,4.5,-114,-114,FanDuel,Pittsburgh Steelers @ Cleveland Browns,36104915
Quinshon Judkins,Receptions,2.5,140,-188,FanDuel,Pittsburgh Steelers @ Cleveland Browns,36104915
Pat Freiermuth,Receiving Yards,28.5,-114,-114,FanDuel,Pittsburgh Steelers @ Cleveland Browns,36104915
Jerry Jeudy,Receiving Yards,13.5,-114,-114,FanDuel,Pittsburgh Steelers @ Cleveland Browns,36104915
Jerry Jeudy,Receptions,1.5,124,-166,FanDuel,Pittsburgh Steelers @ Cleveland Browns,36104915
Darnell Washington,Receiving Yards,15.5,-114,-114,FanDuel,Pittsburgh Steelers @ Cleveland Browns,36104915
Denzel Boston,Receptions,2.5,-146,110,FanDuel,Pittsburgh Steelers @ Cleveland Browns,36104915
Raheim Sanders,Receptions,1.5,-198,146,FanDuel,Pittsburgh Steelers @ Cleveland Browns,36104915
DK Metcalf,Receiving Yards,41.5,-114,-114,FanDuel,Pittsburgh Steelers @ Cleveland Browns,36104915
Roman Wilson,Receiving Yards,22.5,-114,-114,FanDuel,Pittsburgh Steelers @ Cleveland Browns,36104915
Michael Pittman Jr.,Receptions,3.5,106,-140,FanDuel,Pittsburgh Steelers @ Cleveland Browns,36104915
Quinshon Judkins,Receiving Yards,12.5,-114,-114,FanDuel,Pittsburgh Steelers @ Cleveland Browns,36104915
Deshaun Watson,Passing Yards,187.5,-114,-114,FanDuel,Pittsburgh Steelers @ Cleveland Browns,36104915
Raheim Sanders,Receiving Yards,12.5,-114,-114,FanDuel,Pittsburgh Steelers @ Cleveland Browns,36104915
Jaylen Warren,Receiving Yards,22.5,-114,-114,FanDuel,Pittsburgh Steelers @ Cleveland Browns,36104915
Aaron Rodgers,Rushing Yards,0.5,-140,108,FanDuel,Pittsburgh Steelers @ Cleveland Browns,36104915
Michael Pittman Jr.,Receiving Yards,34.5,-114,-114,FanDuel,Pittsburgh Steelers @ Cleveland Browns,36104915
Roman Wilson,Receptions,2.5,-102,-130,FanDuel,Pittsburgh Steelers @ Cleveland Browns,36104915
Jaylen Warren,Rushing Yards,65.5,-114,-114,FanDuel,Pittsburgh Steelers @ Cleveland Browns,36104915
Jaylen Warren,Receptions,3.5,116,-154,FanDuel,Pittsburgh Steelers @ Cleveland Browns,36104915
Hunter Henry,Receptions,3.5,-122,-108,FanDuel,New England Patriots @ Buffalo Bills,36104918
Ty Johnson,Receptions,1.5,-158,118,FanDuel,New England Patriots @ Buffalo Bills,36104918
D.J. Moore,Receiving Yards,45.5,-114,-114,FanDuel,New England Patriots @ Buffalo Bills,36104918
Dalton Kincaid,Receptions,4.5,-128,-104,FanDuel,New England Patriots @ Buffalo Bills,36104918
TreVeyon Henderson,Receptions,0.5,-198,146,FanDuel,New England Patriots @ Buffalo Bills,36104918
James Cook,Receiving Yards,6.5,-114,-114,FanDuel,New England Patriots @ Buffalo Bills,36104918
Demario Douglas,Receptions,2.5,-136,102,FanDuel,New England Patriots @ Buffalo Bills,36104918
Mack Hollins,Receiving Yards,43.5,-114,-114,FanDuel,New England Patriots @ Buffalo Bills,36104918
Romeo Doubs,Receptions,3.5,108,-144,FanDuel,New England Patriots @ Buffalo Bills,36104918
James Cook,Receptions,1.5,106,-140,FanDuel,New England Patriots @ Buffalo Bills,36104918
Rhamondre Stevenson,Receptions,2.5,-138,104,FanDuel,New England Patriots @ Buffalo Bills,36104918
Josh Allen,Rushing Yards,31.5,-114,-114,FanDuel,New England Patriots @ Buffalo Bills,36104918
Romeo Doubs,Receiving Yards,39.5,-114,-114,FanDuel,New England Patriots @ Buffalo Bills,36104918
Keon Coleman,Receptions,1.5,-102,-130,FanDuel,New England Patriots @ Buffalo Bills,36104918
Rhamondre Stevenson,Rushing Yards,30.5,-114,-114,FanDuel,New England Patriots @ Buffalo Bills,36104918
Dalton Kincaid,Receiving Yards,52.5,-114,-114,FanDuel,New England Patriots @ Buffalo Bills,36104918
Khalil Shakir,Receiving Yards,39.5,-114,-114,FanDuel,New England Patriots @ Buffalo Bills,36104918
Keon Coleman,Receiving Yards,12.5,-114,-114,FanDuel,New England Patriots @ Buffalo Bills,36104918
Rhamondre Stevenson,Receiving Yards,18.5,-114,-114,FanDuel,New England Patriots @ Buffalo Bills,36104918
TreVeyon Henderson,Rushing Yards,42.5,-114,-114,FanDuel,New England Patriots @ Buffalo Bills,36104918
Khalil Shakir,Receptions,3.5,-148,112,FanDuel,New England Patriots @ Buffalo Bills,36104918
James Cook,Rushing Yards,87.5,-114,-114,FanDuel,New England Patriots @ Buffalo Bills,36104918
D.J. Moore,Receptions,3.5,-130,-102,FanDuel,New England Patriots @ Buffalo Bills,36104918
Demario Douglas,Receiving Yards,27.5,-114,-114,FanDuel,New England Patriots @ Buffalo Bills,36104918
Josh Allen,Passing Yards,246.5,-114,-114,FanDuel,New England Patriots @ Buffalo Bills,36104918
Drake Maye,Rushing Yards,26.5,-114,-114,FanDuel,New England Patriots @ Buffalo Bills,36104918
TreVeyon Henderson,Receiving Yards,5.5,-114,-114,FanDuel,New England Patriots @ Buffalo Bills,36104918
Ty Johnson,Receiving Yards,13.5,-114,-114,FanDuel,New England Patriots @ Buffalo Bills,36104918
Mack Hollins,Receptions,3.5,-130,-102,FanDuel,New England Patriots @ Buffalo Bills,36104918
Hunter Henry,Receiving Yards,33.5,-114,-114,FanDuel,New England Patriots @ Buffalo Bills,36104918
Drake Maye,Passing Yards,231.5,-114,-114,FanDuel,New England Patriots @ Buffalo Bills,36104918
Ja'Marr Chase,Receptions,6.5,-132,100,FanDuel,Jacksonville Jaguars @ Cincinnati Bengals,36104919
Ja'Marr Chase,Receiving Yards,78.5,-114,-114,FanDuel,Jacksonville Jaguars @ Cincinnati Bengals,36104919
Parker Washington,Receiving Yards,72.5,-114,-114,FanDuel,Jacksonville Jaguars @ Cincinnati Bengals,36104919
Parker Washington,Receptions,5.5,106,-140,FanDuel,Jacksonville Jaguars @ Cincinnati Bengals,36104919
Tee Higgins,Receiving Yards,60.5,-114,-114,FanDuel,Jacksonville Jaguars @ Cincinnati Bengals,36104919
Tee Higgins,Receptions,4.5,106,-140,FanDuel,Jacksonville Jaguars @ Cincinnati Bengals,36104919
Chase Brown,Rushing Yards,66.5,-114,-114,FanDuel,Jacksonville Jaguars @ Cincinnati Bengals,36104919
Jakobi Meyers,Receptions,3.5,-148,112,FanDuel,Jacksonville Jaguars @ Cincinnati Bengals,36104919
Jakobi Meyers,Receiving Yards,40.5,-114,-114,FanDuel,Jacksonville Jaguars @ Cincinnati Bengals,36104919
Trevor Lawrence,Passing Yards,265.5,-114,-114,FanDuel,Jacksonville Jaguars @ Cincinnati Bengals,36104919
Joe Burrow,Passing Yards,267.5,-114,-114,FanDuel,Jacksonville Jaguars @ Cincinnati Bengals,36104919
Bhayshul Tuten,Rushing Yards,53.5,-114,-114,FanDuel,Jacksonville Jaguars @ Cincinnati Bengals,36104919
Dalton Schultz,Receptions,4.5,-162,122,FanDuel,Dallas Cowboys @ Houston Texans,36104922
C.J. Stroud,Rushing Yards,11.5,-114,-114,FanDuel,Dallas Cowboys @ Houston Texans,36104922
Jake Ferguson,Receptions,3.5,100,-132,FanDuel,Dallas Cowboys @ Houston Texans,36104922
Nico Collins,Receptions,5.5,-102,-130,FanDuel,Dallas Cowboys @ Houston Texans,36104922
Woody Marks,Receptions,1.5,-152,114,FanDuel,Dallas Cowboys @ Houston Texans,36104922
Woody Marks,Rushing Yards,33.5,-114,-114,FanDuel,Dallas Cowboys @ Houston Texans,36104922
George Pickens,Receptions,4.5,-144,108,FanDuel,Dallas Cowboys @ Houston Texans,36104922
Ryan Flournoy,Receiving Yards,35.5,-114,-114,FanDuel,Dallas Cowboys @ Houston Texans,36104922
George Pickens,Receiving Yards,68.5,-114,-114,FanDuel,Dallas Cowboys @ Houston Texans,36104922
Ryan Flournoy,Receptions,3.5,-114,-114,FanDuel,Dallas Cowboys @ Houston Texans,36104922
Woody Marks,Receiving Yards,8.5,-114,-114,FanDuel,Dallas Cowboys @ Houston Texans,36104922
David Montgomery,Receptions,1.5,102,-136,FanDuel,Dallas Cowboys @ Houston Texans,36104922
Javonte Williams,Receiving Yards,13.5,-114,-114,FanDuel,Dallas Cowboys @ Houston Texans,36104922
David Montgomery,Receiving Yards,7.5,-102,-128,FanDuel,Dallas Cowboys @ Houston Texans,36104922
CeeDee Lamb,Receptions,5.5,-130,-102,FanDuel,Dallas Cowboys @ Houston Texans,36104922
Javonte Williams,Rushing Yards,60.5,-114,-114,FanDuel,Dallas Cowboys @ Houston Texans,36104922
C.J. Stroud,Passing Yards,244.5,-114,-114,FanDuel,Dallas Cowboys @ Houston Texans,36104922
Dak Prescott,Passing Yards,273.5,-114,-114,FanDuel,Dallas Cowboys @ Houston Texans,36104922
Nico Collins,Receiving Yards,74.5,-114,-114,FanDuel,Dallas Cowboys @ Houston Texans,36104922
David Montgomery,Rushing Yards,51.5,-114,-114,FanDuel,Dallas Cowboys @ Houston Texans,36104922
Javonte Williams,Receptions,2.5,-140,106,FanDuel,Dallas Cowboys @ Houston Texans,36104922
Jake Ferguson,Receiving Yards,23.5,-114,-114,FanDuel,Dallas Cowboys @ Houston Texans,36104922
CeeDee Lamb,Receiving Yards,76.5,-114,-114,FanDuel,Dallas Cowboys @ Houston Texans,36104922
Dalton Schultz,Receiving Yards,46.5,-114,-114,FanDuel,Dallas Cowboys @ Houston Texans,36104922
Dak Prescott,Rushing Yards,9.5,-114,-114,FanDuel,Dallas Cowboys @ Houston Texans,36104922
DeVonta Smith,Receptions,5.5,-154,116,FanDuel,Los Angeles Rams @ Philadelphia Eagles,36104923
Jalen Hurts,Passing Yards,204.5,-114,-114,FanDuel,Los Angeles Rams @ Philadelphia Eagles,36104923
Dontayvion Wicks,Receptions,3.5,130,-174,FanDuel,Los Angeles Rams @ Philadelphia Eagles,36104923
Jalen Hurts,Rushing Yards,24.5,-114,-114,FanDuel,Los Angeles Rams @ Philadelphia Eagles,36104923
DeVonta Smith,Receiving Yards,68.5,-114,-114,FanDuel,Los Angeles Rams @ Philadelphia Eagles,36104923
Davante Adams,Receiving Yards,74.5,-114,-114,FanDuel,Los Angeles Rams @ Philadelphia Eagles,36104923
Kyren Williams,Rushing Yards,58.5,-114,-114,FanDuel,Los Angeles Rams @ Philadelphia Eagles,36104923
Saquon Barkley,Rushing Yards,78.5,-114,-114,FanDuel,Los Angeles Rams @ Philadelphia Eagles,36104923
Dontayvion Wicks,Receiving Yards,40.5,-114,-114,FanDuel,Los Angeles Rams @ Philadelphia Eagles,36104923
Makai Lemon,Receiving Yards,26.5,-114,-114,FanDuel,Los Angeles Rams @ Philadelphia Eagles,36104923
Blake Corum,Rushing Yards,40.5,-114,-114,FanDuel,Los Angeles Rams @ Philadelphia Eagles,36104923
Davante Adams,Receptions,5.5,112,-148,FanDuel,Los Angeles Rams @ Philadelphia Eagles,36104923
Matthew Stafford,Passing Yards,252.5,-114,-114,FanDuel,Los Angeles Rams @ Philadelphia Eagles,36104923
Makai Lemon,Receptions,2.5,-182,136,FanDuel,Los Angeles Rams @ Philadelphia Eagles,36104923
Jaylen Waddle,Receiving Yards,56.5,-114,-114,FanDuel,Denver Broncos @ San Francisco 49ers,36104924
J.K. Dobbins,Rushing Yards,65.5,-114,-114,FanDuel,Denver Broncos @ San Francisco 49ers,36104924
RJ Harvey,Receiving Yards,21.5,-114,-114,FanDuel,Denver Broncos @ San Francisco 49ers,36104924
Pat Bryant,Receiving Yards,20.5,-114,-114,FanDuel,Denver Broncos @ San Francisco 49ers,36104924
Brock Purdy,Passing Yards,229.5,-114,-114,FanDuel,Denver Broncos @ San Francisco 49ers,36104924
RJ Harvey,Receptions,3.5,102,-136,FanDuel,Denver Broncos @ San Francisco 49ers,36104924
Courtland Sutton,Receptions,3.5,114,-152,FanDuel,Denver Broncos @ San Francisco 49ers,36104924
Bo Nix,Rushing Yards,19.5,-114,-114,FanDuel,Denver Broncos @ San Francisco 49ers,36104924
George Kittle,Receptions,4.5,-148,112,FanDuel,Denver Broncos @ San Francisco 49ers,36104924
Christian McCaffrey,Receptions,4.5,-122,-108,FanDuel,Denver Broncos @ San Francisco 49ers,36104924
Pat Bryant,Receptions,2.5,118,-158,FanDuel,Denver Broncos @ San Francisco 49ers,36104924
Christian McCaffrey,Receiving Yards,38.5,-114,-114,FanDuel,Denver Broncos @ San Francisco 49ers,36104924
Kaelon Black,Rushing Yards,23.5,-114,-114,FanDuel,Denver Broncos @ San Francisco 49ers,36104924
George Kittle,Receiving Yards,64.5,-114,-114,FanDuel,Denver Broncos @ San Francisco 49ers,36104924
Christian McCaffrey,Rushing Yards,65.5,-114,-114,FanDuel,Denver Broncos @ San Francisco 49ers,36104924
Bo Nix,Passing Yards,221.5,-114,-114,FanDuel,Denver Broncos @ San Francisco 49ers,36104924
Jaylen Waddle,Receptions,4.5,104,-138,FanDuel,Denver Broncos @ San Francisco 49ers,36104924
Courtland Sutton,Receiving Yards,38.5,-114,-114,FanDuel,Denver Broncos @ San Francisco 49ers,36104924
Brock Purdy,Rushing Yards,16.5,-114,-114,FanDuel,Denver Broncos @ San Francisco 49ers,36104924
Kirk Cousins,Passing Yards,225.5,-114,-114,FanDuel,Kansas City Chiefs @ Las Vegas Raiders,36104926
Kenneth Walker III,Rushing Yards,91.5,-114,-114,FanDuel,Kansas City Chiefs @ Las Vegas Raiders,36104926
Ashton Jeanty,Rushing Yards,60.5,-114,-114,FanDuel,Kansas City Chiefs @ Las Vegas Raiders,36104926
Patrick Mahomes,Passing Yards,236.5,-114,-114,FanDuel,Kansas City Chiefs @ Las Vegas Raiders,36104926
Bryce Young,Rushing Yards,12.5,-114,-114,FanDuel,Detroit Lions @ Carolina Panthers,36104927
Jameson Williams,Receptions,3.5,-102,-130,FanDuel,Detroit Lions @ Carolina Panthers,36104927
Amon-Ra St. Brown,Receptions,6.5,-148,112,FanDuel,Detroit Lions @ Carolina Panthers,36104927
Jahmyr Gibbs,Rushing Yards,96.5,-114,-114,FanDuel,Detroit Lions @ Carolina Panthers,36104927
Isaac TeSlaa,Receiving Yards,17.5,-114,-114,FanDuel,Detroit Lions @ Carolina Panthers,36104927
Jared Goff,Passing Yards,260.5,-114,-114,FanDuel,Detroit Lions @ Carolina Panthers,36104927
Chuba Hubbard,Receptions,2.5,-158,118,FanDuel,Detroit Lions @ Carolina Panthers,36104927
Chuba Hubbard,Receiving Yards,18.5,-114,-114,FanDuel,Detroit Lions @ Carolina Panthers,36104927
Jahmyr Gibbs,Receiving Yards,35.5,-114,-114,FanDuel,Detroit Lions @ Carolina Panthers,36104927
Sam LaPorta,Receptions,4.5,-108,-122,FanDuel,Detroit Lions @ Carolina Panthers,36104927
Isaac TeSlaa,Receptions,1.5,-108,-122,FanDuel,Detroit Lions @ Carolina Panthers,36104927
Chuba Hubbard,Rushing Yards,66.5,-114,-114,FanDuel,Detroit Lions @ Carolina Panthers,36104927
Amon-Ra St. Brown,Receiving Yards,75.5,-114,-114,FanDuel,Detroit Lions @ Carolina Panthers,36104927
Tetairoa McMillan,Receiving Yards,70.5,-114,-114,FanDuel,Detroit Lions @ Carolina Panthers,36104927
Bryce Young,Passing Yards,241.5,-114,-114,FanDuel,Detroit Lions @ Carolina Panthers,36104927
Tetairoa McMillan,Receptions,4.5,-148,112,FanDuel,Detroit Lions @ Carolina Panthers,36104927
Sam LaPorta,Receiving Yards,48.5,-114,-114,FanDuel,Detroit Lions @ Carolina Panthers,36104927
Jameson Williams,Receiving Yards,49.5,-114,-114,FanDuel,Detroit Lions @ Carolina Panthers,36104927
Jahmyr Gibbs,Receptions,4.5,-130,-102,FanDuel,Detroit Lions @ Carolina Panthers,36104927
